<?xml version="1.0" encoding="UTF-8"?>

<PedDecorationCollection>
  <bRequiredForSync value="true" />
  <presets>
  	<Item>
      <uvPos x="0.500000" y="0.500000" />
      <scale x="0.600000" y="0.500000" />
      <rotation value="0.000000" />
      <nameHash>MP_Vinewood_Hair_M_000_M</nameHash>
      <txdHash>MP_Vinewood_Hair_000</txdHash>
      <txtHash>MP_Vinewood_Hair_000</txtHash>
      <zone>ZONE_HEAD</zone>
      <type>TYPE_TATTOO</type>
      <faction>FM</faction>
      <garment>All</garment>
      <gender>GENDER_MALE</gender>
      <award />
      <awardLevel />
      <usesTintColor value="true" />
    </Item>
	<Item>
      <uvPos x="0.500000" y="0.500000" />
      <scale x="0.600000" y="0.500000" />
      <rotation value="0.000000" />
      <nameHash>MP_Vinewood_Hair_F_000_F</nameHash>
      <txdHash>MP_Vinewood_Hair_000</txdHash>
      <txtHash>MP_Vinewood_Hair_000</txtHash>
      <zone>ZONE_HEAD</zone>
      <type>TYPE_TATTOO</type>
      <faction>FM</faction>
      <garment>All</garment>
      <gender>GENDER_FEMALE</gender>
      <award />
      <awardLevel />
      <usesTintColor value="true" />
    </Item>
	<Item>
      <uvPos x="0.724000" y="0.600000" />
      <scale x="0.150000" y="0.150000" />
      <rotation value="0.000000" />
      <nameHash>MP_Vinewood_Tat_000_M</nameHash>
      <txdHash>MP_Vinewood_Tat_000</txdHash>
      <txtHash>MP_Vinewood_Tat_000</txtHash>
      <zone>ZONE_TORSO</zone>
      <type>TYPE_TATTOO</type>
      <faction>FM</faction>
      <garment>All</garment>
      <gender>GENDER_MALE</gender>
      <award />
      <awardLevel />
    </Item>
	<Item>
      <uvPos x="0.724000" y="0.620000" />
      <scale x="0.150000" y="0.150000" />
      <rotation value="0.000000" />
      <nameHash>MP_Vinewood_Tat_000_F</nameHash>
      <txdHash>MP_Vinewood_Tat_000</txdHash>
      <txtHash>MP_Vinewood_Tat_000</txtHash>
      <zone>ZONE_TORSO</zone>
      <type>TYPE_TATTOO</type>
      <faction>FM</faction>
      <garment>All</garment>
      <gender>GENDER_FEMALE</gender>
      <award />
      <awardLevel />
    </Item>
	<Item>
      <uvPos x="0.224000" y="0.620000" />
      <scale x="0.200000" y="0.200000" />
      <rotation value="0.000000" />
      <nameHash>MP_Vinewood_Tat_001_M</nameHash>
      <txdHash>MP_Vinewood_Tat_001</txdHash>
      <txtHash>MP_Vinewood_Tat_001</txtHash>
      <zone>ZONE_TORSO</zone>
      <type>TYPE_TATTOO</type>
      <faction>FM</faction>
      <garment>All</garment>
      <gender>GENDER_MALE</gender>
      <award />
      <awardLevel />
    </Item>
	<Item>
      <uvPos x="0.224000" y="0.640000" />
      <scale x="0.200000" y="0.200000" />
      <rotation value="0.000000" />
      <nameHash>MP_Vinewood_Tat_001_F</nameHash>
      <txdHash>MP_Vinewood_Tat_001</txdHash>
      <txtHash>MP_Vinewood_Tat_001</txtHash>
      <zone>ZONE_TORSO</zone>
      <type>TYPE_TATTOO</type>
      <faction>FM</faction>
      <garment>All</garment>
      <gender>GENDER_FEMALE</gender>
      <award />
      <awardLevel />
    </Item>
	<Item>
      <uvPos x="0.450000" y="0.620000" />
      <scale x="0.230000" y="0.30000" />
      <rotation value="0.000000" />
      <nameHash>MP_Vinewood_Tat_002_M</nameHash>
      <txdHash>MP_Vinewood_Tat_002</txdHash>
      <txtHash>MP_Vinewood_Tat_002</txtHash>
      <zone>ZONE_LEFT_ARM</zone>
      <type>TYPE_TATTOO</type>
      <faction>FM</faction>
      <garment>All</garment>
      <gender>GENDER_MALE</gender>
      <award />
      <awardLevel />
    </Item>
	<Item>
      <uvPos x="0.450000" y="0.620000" />
      <scale x="0.230000" y="0.32000" />
      <rotation value="0.000000" />
      <nameHash>MP_Vinewood_Tat_002_F</nameHash>
      <txdHash>MP_Vinewood_Tat_002</txdHash>
      <txtHash>MP_Vinewood_Tat_002</txtHash>
      <zone>ZONE_LEFT_ARM</zone>
      <type>TYPE_TATTOO</type>
      <faction>FM</faction>
      <garment>All</garment>
      <gender>GENDER_FEMALE</gender>
      <award />
      <awardLevel />
    </Item>
	<Item>
      <uvPos x="0.624000" y="0.610000" />
      <scale x="0.120000" y="0.120000" />
      <rotation value="0.000000" />
      <nameHash>MP_Vinewood_Tat_003_M</nameHash>
      <txdHash>MP_Vinewood_Tat_003</txdHash>
      <txtHash>MP_Vinewood_Tat_003</txtHash>
      <zone>ZONE_TORSO</zone>
      <type>TYPE_TATTOO</type>
      <faction>FM</faction>
      <garment>All</garment>
      <gender>GENDER_MALE</gender>
      <award />
      <awardLevel />
    </Item>
	<Item>
      <uvPos x="0.635000" y="0.640000" />
      <scale x="0.140000" y="0.120000" />
      <rotation value="0.000000" />
      <nameHash>MP_Vinewood_Tat_003_F</nameHash>
      <txdHash>MP_Vinewood_Tat_003</txdHash>
      <txtHash>MP_Vinewood_Tat_003</txtHash>
      <zone>ZONE_TORSO</zone>
      <type>TYPE_TATTOO</type>
      <faction>FM</faction>
      <garment>All</garment>
      <gender>GENDER_FEMALE</gender>
      <award />
      <awardLevel />
    </Item>
	<Item>
      <uvPos x="0.464000" y="0.620000" />
      <scale x="0.230000" y="0.300000" />
      <rotation value="0.000000" />
      <nameHash>MP_Vinewood_Tat_004_M</nameHash>
      <txdHash>MP_Vinewood_Tat_004</txdHash>
      <txtHash>MP_Vinewood_Tat_004</txtHash>
      <zone>ZONE_RIGHT_ARM</zone>
      <type>TYPE_TATTOO</type>
      <faction>FM</faction>
      <garment>All</garment>
      <gender>GENDER_MALE</gender>
      <award />
      <awardLevel />
    </Item>
	<Item>
      <uvPos x="0.464000" y="0.620000" />
      <scale x="0.230000" y="0.320000" />
      <rotation value="0.000000" />
      <nameHash>MP_Vinewood_Tat_004_F</nameHash>
      <txdHash>MP_Vinewood_Tat_004</txdHash>
      <txtHash>MP_Vinewood_Tat_004</txtHash>
      <zone>ZONE_RIGHT_ARM</zone>
      <type>TYPE_TATTOO</type>
      <faction>FM</faction>
      <garment>All</garment>
      <gender>GENDER_FEMALE</gender>
      <award />
      <awardLevel />
    </Item>
	<Item>
      <uvPos x="0.480000" y="0.620000" />
      <scale x="0.210000" y="0.300000" />
      <rotation value="0.000000" />
      <nameHash>MP_Vinewood_Tat_005_M</nameHash>
      <txdHash>MP_Vinewood_Tat_005</txdHash>
      <txtHash>MP_Vinewood_Tat_005</txtHash>
      <zone>ZONE_LEFT_ARM</zone>
      <type>TYPE_TATTOO</type>
      <faction>FM</faction>
      <garment>All</garment>
      <gender>GENDER_MALE</gender>
      <award />
      <awardLevel />
    </Item>
	<Item>
      <uvPos x="0.480000" y="0.610000" />
      <scale x="0.260000" y="0.320000" />
      <rotation value="0.000000" />
      <nameHash>MP_Vinewood_Tat_005_F</nameHash>
      <txdHash>MP_Vinewood_Tat_005</txdHash>
      <txtHash>MP_Vinewood_Tat_005</txtHash>
      <zone>ZONE_LEFT_ARM</zone>
      <type>TYPE_TATTOO</type>
      <faction>FM</faction>
      <garment>All</garment>
      <gender>GENDER_FEMALE</gender>
      <award />
      <awardLevel />
    </Item>
	<Item>
      <uvPos x="0.224000" y="0.580000" />
      <scale x="0.180000" y="0.230000" />
      <rotation value="0.000000" />
      <nameHash>MP_Vinewood_Tat_006_M</nameHash>
      <txdHash>MP_Vinewood_Tat_006</txdHash>
      <txtHash>MP_Vinewood_Tat_006</txtHash>
      <zone>ZONE_TORSO</zone>
      <type>TYPE_TATTOO</type>
      <faction>FM</faction>
      <garment>All</garment>
      <gender>GENDER_MALE</gender>
      <award />
      <awardLevel />
    </Item>
	<Item>
      <uvPos x="0.224000" y="0.630000" />
      <scale x="0.180000" y="0.160000" />
      <rotation value="0.000000" />
      <nameHash>MP_Vinewood_Tat_006_F</nameHash>
      <txdHash>MP_Vinewood_Tat_006</txdHash>
      <txtHash>MP_Vinewood_Tat_006</txtHash>
      <zone>ZONE_TORSO</zone>
      <type>TYPE_TATTOO</type>
      <faction>FM</faction>
      <garment>All</garment>
      <gender>GENDER_FEMALE</gender>
      <award />
      <awardLevel />
    </Item>
	<Item>
      <uvPos x="0.224000" y="0.555000" />
      <scale x="0.210000" y="0.230000" />
      <rotation value="0.000000" />
      <nameHash>MP_Vinewood_Tat_007_M</nameHash>
      <txdHash>MP_Vinewood_Tat_007</txdHash>
      <txtHash>MP_Vinewood_Tat_007</txtHash>
      <zone>ZONE_TORSO</zone>
      <type>TYPE_TATTOO</type>
      <faction>FM</faction>
      <garment>All</garment>
      <gender>GENDER_MALE</gender>
      <award />
      <awardLevel />
    </Item>
	<Item>
      <uvPos x="0.224000" y="0.620000" />
      <scale x="0.210000" y="0.175000" />
      <rotation value="0.000000" />
      <nameHash>MP_Vinewood_Tat_007_F</nameHash>
      <txdHash>MP_Vinewood_Tat_007</txdHash>
      <txtHash>MP_Vinewood_Tat_007</txtHash>
      <zone>ZONE_TORSO</zone>
      <type>TYPE_TATTOO</type>
      <faction>FM</faction>
      <garment>All</garment>
      <gender>GENDER_FEMALE</gender>
      <award />
      <awardLevel />
    </Item>
	<Item>
      <uvPos x="0.224000" y="0.510000" />
      <scale x="0.227000" y="0.280000" />
      <rotation value="0.000000" />
      <nameHash>MP_Vinewood_Tat_008_M</nameHash>
      <txdHash>MP_Vinewood_Tat_008</txdHash>
      <txtHash>MP_Vinewood_Tat_008</txtHash>
      <zone>ZONE_TORSO</zone>
      <type>TYPE_TATTOO</type>
      <faction>FM</faction>
      <garment>All</garment>
      <gender>GENDER_MALE</gender>
      <award />
      <awardLevel />
    </Item>
	<Item>
      <uvPos x="0.224000" y="0.570000" />
      <scale x="0.215000" y="0.230000" />
      <rotation value="0.000000" />
      <nameHash>MP_Vinewood_Tat_008_F</nameHash>
      <txdHash>MP_Vinewood_Tat_008</txdHash>
      <txtHash>MP_Vinewood_Tat_008</txtHash>
      <zone>ZONE_TORSO</zone>
      <type>TYPE_TATTOO</type>
      <faction>FM</faction>
      <garment>All</garment>
      <gender>GENDER_FEMALE</gender>
      <award />
      <awardLevel />
    </Item>
	<Item>
      <uvPos x="0.224000" y="0.480000" />
      <scale x="0.280000" y="0.310000" />
      <rotation value="0.000000" />
      <nameHash>MP_Vinewood_Tat_009_M</nameHash>
      <txdHash>MP_Vinewood_Tat_009</txdHash>
      <txtHash>MP_Vinewood_Tat_009</txtHash>
      <zone>ZONE_TORSO</zone>
      <type>TYPE_TATTOO</type>
      <faction>FM</faction>
      <garment>All</garment>
      <gender>GENDER_MALE</gender>
      <award />
      <awardLevel />
    </Item>
	<Item>
      <uvPos x="0.224000" y="0.550000" />
      <scale x="0.280000" y="0.240000" />
      <rotation value="0.000000" />
      <nameHash>MP_Vinewood_Tat_009_F</nameHash>
      <txdHash>MP_Vinewood_Tat_009</txdHash>
      <txtHash>MP_Vinewood_Tat_009</txtHash>
      <zone>ZONE_TORSO</zone>
      <type>TYPE_TATTOO</type>
      <faction>FM</faction>
      <garment>All</garment>
      <gender>GENDER_FEMALE</gender>
      <award />
      <awardLevel />
    </Item>
	<Item>
      <uvPos x="0.224000" y="0.480000" />
      <scale x="0.250000" y="0.300000" />
      <rotation value="0.000000" />
      <nameHash>MP_Vinewood_Tat_010_M</nameHash>
      <txdHash>MP_Vinewood_Tat_010</txdHash>
      <txtHash>MP_Vinewood_Tat_010</txtHash>
      <zone>ZONE_TORSO</zone>
      <type>TYPE_TATTOO</type>
      <faction>FM</faction>
      <garment>All</garment>
      <gender>GENDER_MALE</gender>
      <award />
      <awardLevel />
    </Item>
	<Item>
      <uvPos x="0.224000" y="0.570000" />
      <scale x="0.240000" y="0.210000" />
      <rotation value="0.000000" />
      <nameHash>MP_Vinewood_Tat_010_F</nameHash>
      <txdHash>MP_Vinewood_Tat_010</txdHash>
      <txtHash>MP_Vinewood_Tat_010</txtHash>
      <zone>ZONE_TORSO</zone>
      <type>TYPE_TATTOO</type>
      <faction>FM</faction>
      <garment>All</garment>
      <gender>GENDER_FEMALE</gender>
      <award />
      <awardLevel />
    </Item>
	<Item>
      <uvPos x="0.235000" y="0.480000" />
      <scale x="0.260000" y="0.300000" />
      <rotation value="0.000000" />
      <nameHash>MP_Vinewood_Tat_011_M</nameHash>
      <txdHash>MP_Vinewood_Tat_011</txdHash>
      <txtHash>MP_Vinewood_Tat_011</txtHash>
      <zone>ZONE_TORSO</zone>
      <type>TYPE_TATTOO</type>
      <faction>FM</faction>
      <garment>All</garment>
      <gender>GENDER_MALE</gender>
      <award />
      <awardLevel />
    </Item>
	<Item>
      <uvPos x="0.235000" y="0.550000" />
      <scale x="0.260000" y="0.220000" />
      <rotation value="0.000000" />
      <nameHash>MP_Vinewood_Tat_011_F</nameHash>
      <txdHash>MP_Vinewood_Tat_011</txdHash>
      <txtHash>MP_Vinewood_Tat_011</txtHash>
      <zone>ZONE_TORSO</zone>
      <type>TYPE_TATTOO</type>
      <faction>FM</faction>
      <garment>All</garment>
      <gender>GENDER_FEMALE</gender>
      <award />
      <awardLevel />
    </Item>
	<Item>
      <uvPos x="0.720000" y="0.325000" />
      <scale x="0.230000" y="0.160000" />
      <rotation value="0.000000" />
      <nameHash>MP_Vinewood_Tat_012_M</nameHash>
      <txdHash>MP_Vinewood_Tat_012</txdHash>
      <txtHash>MP_Vinewood_Tat_012</txtHash>
      <zone>ZONE_TORSO</zone>
      <type>TYPE_TATTOO</type>
      <faction>FM</faction>
      <garment>All</garment>
      <gender>GENDER_MALE</gender>
      <award />
      <awardLevel />
    </Item>
	<Item>
      <uvPos x="0.720000" y="0.370000" />
      <scale x="0.240000" y="0.120000" />
      <rotation value="0.000000" />
      <nameHash>MP_Vinewood_Tat_012_F</nameHash>
      <txdHash>MP_Vinewood_Tat_012</txdHash>
      <txtHash>MP_Vinewood_Tat_012</txtHash>
      <zone>ZONE_TORSO</zone>
      <type>TYPE_TATTOO</type>
      <faction>FM</faction>
      <garment>All</garment>
      <gender>GENDER_FEMALE</gender>
      <award />
      <awardLevel />
    </Item>
	<Item>
      <uvPos x="0.735000" y="0.305000" />
      <scale x="0.220000" y="0.160000" />
      <rotation value="0.000000" />
      <nameHash>MP_Vinewood_Tat_013_M</nameHash>
      <txdHash>MP_Vinewood_Tat_013</txdHash>
      <txtHash>MP_Vinewood_Tat_013</txtHash>
      <zone>ZONE_LEFT_LEG</zone>
      <type>TYPE_TATTOO</type>
      <faction>FM</faction>
      <garment>All</garment>
      <gender>GENDER_MALE</gender>
      <award />
      <awardLevel />
    </Item>
	<Item>
      <uvPos x="0.735000" y="0.305000" />
      <scale x="0.220000" y="0.160000" />
      <rotation value="0.000000" />
      <nameHash>MP_Vinewood_Tat_013_F</nameHash>
      <txdHash>MP_Vinewood_Tat_013</txdHash>
      <txtHash>MP_Vinewood_Tat_013</txtHash>
      <zone>ZONE_LEFT_LEG</zone>
      <type>TYPE_TATTOO</type>
      <faction>FM</faction>
      <garment>All</garment>
      <gender>GENDER_FEMALE</gender>
      <award />
      <awardLevel />
    </Item>
	<Item>
      <uvPos x="0.480000" y="0.525000" />
      <scale x="0.210000" y="0.210000" />
      <rotation value="0.000000" />
      <nameHash>MP_Vinewood_Tat_014_M</nameHash>
      <txdHash>MP_Vinewood_Tat_014</txdHash>
      <txtHash>MP_Vinewood_Tat_014</txtHash>
      <zone>ZONE_LEFT_ARM</zone>
      <type>TYPE_TATTOO</type>
      <faction>FM</faction>
      <garment>All</garment>
      <gender>GENDER_MALE</gender>
      <award />
      <awardLevel />
    </Item>
	<Item>
      <uvPos x="0.480000" y="0.500000" />
      <scale x="0.210000" y="0.240000" />
      <rotation value="0.000000" />
      <nameHash>MP_Vinewood_Tat_014_F</nameHash>
      <txdHash>MP_Vinewood_Tat_014</txdHash>
      <txtHash>MP_Vinewood_Tat_014</txtHash>
      <zone>ZONE_LEFT_ARM</zone>
      <type>TYPE_TATTOO</type>
      <faction>FM</faction>
      <garment>All</garment>
      <gender>GENDER_FEMALE</gender>
      <award />
      <awardLevel />
    </Item>
	<Item>
      <uvPos x="0.224000" y="0.480000" />
      <scale x="0.260000" y="0.300000" />
      <rotation value="0.000000" />
      <nameHash>MP_Vinewood_Tat_015_M</nameHash>
      <txdHash>MP_Vinewood_Tat_015</txdHash>
      <txtHash>MP_Vinewood_Tat_015</txtHash>
      <zone>ZONE_TORSO</zone>
      <type>TYPE_TATTOO</type>
      <faction>FM</faction>
      <garment>All</garment>
      <gender>GENDER_MALE</gender>
      <award />
      <awardLevel />
    </Item>
	<Item>
      <uvPos x="0.224000" y="0.560000" />
      <scale x="0.260000" y="0.220000" />
      <rotation value="0.000000" />
      <nameHash>MP_Vinewood_Tat_015_F</nameHash>
      <txdHash>MP_Vinewood_Tat_015</txdHash>
      <txtHash>MP_Vinewood_Tat_015</txtHash>
      <zone>ZONE_TORSO</zone>
      <type>TYPE_TATTOO</type>
      <faction>FM</faction>
      <garment>All</garment>
      <gender>GENDER_FEMALE</gender>
      <award />
      <awardLevel />
    </Item>
	<Item>
      <uvPos x="0.724000" y="0.320000" />
      <scale x="0.230000" y="0.170000" />
      <rotation value="0.000000" />
      <nameHash>MP_Vinewood_Tat_016_M</nameHash>
      <txdHash>MP_Vinewood_Tat_016</txdHash>
      <txtHash>MP_Vinewood_Tat_016</txtHash>
      <zone>ZONE_TORSO</zone>
      <type>TYPE_TATTOO</type>
      <faction>FM</faction>
      <garment>All</garment>
      <gender>GENDER_MALE</gender>
      <award />
      <awardLevel />
    </Item>
	<Item>
      <uvPos x="0.724000" y="0.365000" />
      <scale x="0.230000" y="0.130000" />
      <rotation value="0.000000" />
      <nameHash>MP_Vinewood_Tat_016_F</nameHash>
      <txdHash>MP_Vinewood_Tat_016</txdHash>
      <txtHash>MP_Vinewood_Tat_016</txtHash>
      <zone>ZONE_TORSO</zone>
      <type>TYPE_TATTOO</type>
      <faction>FM</faction>
      <garment>All</garment>
      <gender>GENDER_FEMALE</gender>
      <award />
      <awardLevel />
    </Item>
	<Item>
      <uvPos x="0.224000" y="0.500000" />
      <scale x="0.300000" y="0.340000" />
      <rotation value="0.000000" />
      <nameHash>MP_Vinewood_Tat_017_M</nameHash>
      <txdHash>MP_Vinewood_Tat_017</txdHash>
      <txtHash>MP_Vinewood_Tat_017</txtHash>
      <zone>ZONE_TORSO</zone>
      <type>TYPE_TATTOO</type>
      <faction>FM</faction>
      <garment>All</garment>
      <gender>GENDER_MALE</gender>
      <award />
      <awardLevel />
    </Item>
	<Item>
      <uvPos x="0.224000" y="0.560000" />
      <scale x="0.300000" y="0.280000" />
      <rotation value="0.000000" />
      <nameHash>MP_Vinewood_Tat_017_F</nameHash>
      <txdHash>MP_Vinewood_Tat_017</txdHash>
      <txtHash>MP_Vinewood_Tat_017</txtHash>
      <zone>ZONE_TORSO</zone>
      <type>TYPE_TATTOO</type>
      <faction>FM</faction>
      <garment>All</garment>
      <gender>GENDER_FEMALE</gender>
      <award />
      <awardLevel />
    </Item>
	<Item>
      <uvPos x="0.470000" y="0.620000" />
      <scale x="0.230000" y="0.300000" />
      <rotation value="0.000000" />
      <nameHash>MP_Vinewood_Tat_018_M</nameHash>
      <txdHash>MP_Vinewood_Tat_018</txdHash>
      <txtHash>MP_Vinewood_Tat_018</txtHash>
      <zone>ZONE_RIGHT_ARM</zone>
      <type>TYPE_TATTOO</type>
      <faction>FM</faction>
      <garment>All</garment>
      <gender>GENDER_MALE</gender>
      <award />
      <awardLevel />
    </Item>
	<Item>
      <uvPos x="0.470000" y="0.620000" />
      <scale x="0.230000" y="0.320000" />
      <rotation value="0.000000" />
      <nameHash>MP_Vinewood_Tat_018_F</nameHash>
      <txdHash>MP_Vinewood_Tat_018</txdHash>
      <txtHash>MP_Vinewood_Tat_018</txtHash>
      <zone>ZONE_RIGHT_ARM</zone>
      <type>TYPE_TATTOO</type>
      <faction>FM</faction>
      <garment>All</garment>
      <gender>GENDER_FEMALE</gender>
      <award />
      <awardLevel />
    </Item>
	<Item>
      <uvPos x="0.480000" y="0.620000" />
      <scale x="0.210000" y="0.300000" />
      <rotation value="0.000000" />
      <nameHash>MP_Vinewood_Tat_019_M</nameHash>
      <txdHash>MP_Vinewood_Tat_019</txdHash>
      <txtHash>MP_Vinewood_Tat_019</txtHash>
      <zone>ZONE_LEFT_ARM</zone>
      <type>TYPE_TATTOO</type>
      <faction>FM</faction>
      <garment>All</garment>
      <gender>GENDER_MALE</gender>
      <award />
      <awardLevel />
    </Item>
	<Item>
      <uvPos x="0.480000" y="0.620000" />
      <scale x="0.210000" y="0.320000" />
      <rotation value="0.000000" />
      <nameHash>MP_Vinewood_Tat_019_F</nameHash>
      <txdHash>MP_Vinewood_Tat_019</txdHash>
      <txtHash>MP_Vinewood_Tat_019</txtHash>
      <zone>ZONE_LEFT_ARM</zone>
      <type>TYPE_TATTOO</type>
      <faction>FM</faction>
      <garment>All</garment>
      <gender>GENDER_FEMALE</gender>
      <award />
      <awardLevel />
    </Item>
	<Item>
      <uvPos x="0.770000" y="0.310000" />
      <scale x="0.150000" y="0.160000" />
      <rotation value="0.000000" />
      <nameHash>MP_Vinewood_Tat_020_M</nameHash>
      <txdHash>MP_Vinewood_Tat_020</txdHash>
      <txtHash>MP_Vinewood_Tat_020</txtHash>
      <zone>ZONE_RIGHT_LEG</zone>
      <type>TYPE_TATTOO</type>
      <faction>FM</faction>
      <garment>All</garment>
      <gender>GENDER_MALE</gender>
      <award />
      <awardLevel />
    </Item>
	<Item>
      <uvPos x="0.770000" y="0.310000" />
      <scale x="0.150000" y="0.160000" />
      <rotation value="0.000000" />
      <nameHash>MP_Vinewood_Tat_020_F</nameHash>
      <txdHash>MP_Vinewood_Tat_020</txdHash>
      <txtHash>MP_Vinewood_Tat_020</txtHash>
      <zone>ZONE_RIGHT_LEG</zone>
      <type>TYPE_TATTOO</type>
      <faction>FM</faction>
      <garment>All</garment>
      <gender>GENDER_FEMALE</gender>
      <award />
      <awardLevel />
    </Item>
	<Item>
      <uvPos x="0.250000" y="0.480000" />
      <scale x="0.260000" y="0.290000" />
      <rotation value="0.000000" />
      <nameHash>MP_Vinewood_Tat_021_M</nameHash>
      <txdHash>MP_Vinewood_Tat_021</txdHash>
      <txtHash>MP_Vinewood_Tat_021</txtHash>
      <zone>ZONE_TORSO</zone>
      <type>TYPE_TATTOO</type>
      <faction>FM</faction>
      <garment>All</garment>
      <gender>GENDER_MALE</gender>
      <award />
      <awardLevel />
    </Item>
	<Item>
      <uvPos x="0.250000" y="0.550000" />
      <scale x="0.260000" y="0.220000" />
      <rotation value="0.000000" />
      <nameHash>MP_Vinewood_Tat_021_F</nameHash>
      <txdHash>MP_Vinewood_Tat_021</txdHash>
      <txtHash>MP_Vinewood_Tat_021</txtHash>
      <zone>ZONE_TORSO</zone>
      <type>TYPE_TATTOO</type>
      <faction>FM</faction>
      <garment>All</garment>
      <gender>GENDER_FEMALE</gender>
      <award />
      <awardLevel />
    </Item>
	<Item>
      <uvPos x="0.824000" y="0.610000" />
      <scale x="0.140000" y="0.120000" />
      <rotation value="0.000000" />
      <nameHash>MP_Vinewood_Tat_022_M</nameHash>
      <txdHash>MP_Vinewood_Tat_022</txdHash>
      <txtHash>MP_Vinewood_Tat_022</txtHash>
      <zone>ZONE_TORSO</zone>
      <type>TYPE_TATTOO</type>
      <faction>FM</faction>
      <garment>All</garment>
      <gender>GENDER_MALE</gender>
      <award />
      <awardLevel />
    </Item>
	<Item>
      <uvPos x="0.824000" y="0.610000" />
      <scale x="0.140000" y="0.100000" />
      <rotation value="0.000000" />
      <nameHash>MP_Vinewood_Tat_022_F</nameHash>
      <txdHash>MP_Vinewood_Tat_022</txdHash>
      <txtHash>MP_Vinewood_Tat_022</txtHash>
      <zone>ZONE_TORSO</zone>
      <type>TYPE_TATTOO</type>
      <faction>FM</faction>
      <garment>All</garment>
      <gender>GENDER_FEMALE</gender>
      <award />
      <awardLevel />
    </Item>
	<Item>
      <uvPos x="0.720000" y="0.580000" />
      <scale x="0.210000" y="0.210000" />
      <rotation value="0.000000" />
      <nameHash>MP_Vinewood_Tat_023_M</nameHash>
      <txdHash>MP_Vinewood_Tat_023</txdHash>
      <txtHash>MP_Vinewood_Tat_023</txtHash>
      <zone>ZONE_TORSO</zone>
      <type>TYPE_TATTOO</type>
      <faction>FM</faction>
      <garment>All</garment>
      <gender>GENDER_MALE</gender>
      <award />
      <awardLevel />
    </Item>
	<Item>
      <uvPos x="0.741000" y="0.610000" />
      <scale x="0.210000" y="0.180000" />
      <rotation value="0.000000" />
      <nameHash>MP_Vinewood_Tat_023_F</nameHash>
      <txdHash>MP_Vinewood_Tat_023</txdHash>
      <txtHash>MP_Vinewood_Tat_023</txtHash>
      <zone>ZONE_TORSO</zone>
      <type>TYPE_TATTOO</type>
      <faction>FM</faction>
      <garment>All</garment>
      <gender>GENDER_FEMALE</gender>
      <award />
      <awardLevel />
    </Item>
	<Item>
      <uvPos x="0.720000" y="0.318000" />
      <scale x="0.200000" y="0.160000" />
      <rotation value="0.000000" />
      <nameHash>MP_Vinewood_Tat_024_M</nameHash>
      <txdHash>MP_Vinewood_Tat_024</txdHash>
      <txtHash>MP_Vinewood_Tat_024</txtHash>
      <zone>ZONE_TORSO</zone>
      <type>TYPE_TATTOO</type>
      <faction>FM</faction>
      <garment>All</garment>
      <gender>GENDER_MALE</gender>
      <award />
      <awardLevel />
    </Item>
	<Item>
      <uvPos x="0.720000" y="0.355000" />
      <scale x="0.200000" y="0.130000" />
      <rotation value="0.000000" />
      <nameHash>MP_Vinewood_Tat_024_F</nameHash>
      <txdHash>MP_Vinewood_Tat_024</txdHash>
      <txtHash>MP_Vinewood_Tat_024</txtHash>
      <zone>ZONE_TORSO</zone>
      <type>TYPE_TATTOO</type>
      <faction>FM</faction>
      <garment>All</garment>
      <gender>GENDER_FEMALE</gender>
      <award />
      <awardLevel />
    </Item>
	<Item>
      <uvPos x="0.200000" y="0.460000" />
      <scale x="0.160000" y="0.150000" />
      <rotation value="0.000000" />
      <nameHash>MP_Vinewood_Tat_025_M</nameHash>
      <txdHash>MP_Vinewood_Tat_025</txdHash>
      <txtHash>MP_Vinewood_Tat_025</txtHash>
      <zone>ZONE_RIGHT_ARM</zone>
      <type>TYPE_TATTOO</type>
      <faction>FM</faction>
      <garment>All</garment>
      <gender>GENDER_MALE</gender>
      <award />
      <awardLevel />
    </Item>
	<Item>
      <uvPos x="0.200000" y="0.440000" />
      <scale x="0.160000" y="0.170000" />
      <rotation value="0.000000" />
      <nameHash>MP_Vinewood_Tat_025_F</nameHash>
      <txdHash>MP_Vinewood_Tat_025</txdHash>
      <txtHash>MP_Vinewood_Tat_025</txtHash>
      <zone>ZONE_RIGHT_ARM</zone>
      <type>TYPE_TATTOO</type>
      <faction>FM</faction>
      <garment>All</garment>
      <gender>GENDER_FEMALE</gender>
      <award />
      <awardLevel />
    </Item>
	<Item>
      <uvPos x="0.480000" y="0.630000" />
      <scale x="0.210000" y="0.290000" />
      <rotation value="-11.880000" />
      <nameHash>MP_Vinewood_Tat_026_M</nameHash>
      <txdHash>MP_Vinewood_Tat_026</txdHash>
      <txtHash>MP_Vinewood_Tat_026</txtHash>
      <zone>ZONE_LEFT_ARM</zone>
      <type>TYPE_TATTOO</type>
      <faction>FM</faction>
      <garment>All</garment>
      <gender>GENDER_MALE</gender>
      <award />
      <awardLevel />
    </Item>
	<Item>
      <uvPos x="0.480000" y="0.620000" />
      <scale x="0.210000" y="0.320000" />
      <rotation value="-11.880000" />
      <nameHash>MP_Vinewood_Tat_026_F</nameHash>
      <txdHash>MP_Vinewood_Tat_026</txdHash>
      <txtHash>MP_Vinewood_Tat_026</txtHash>
      <zone>ZONE_LEFT_ARM</zone>
      <type>TYPE_TATTOO</type>
      <faction>FM</faction>
      <garment>All</garment>
      <gender>GENDER_FEMALE</gender>
      <award />
      <awardLevel />
    </Item>
	<Item>
      <uvPos x="0.225000" y="0.310000" />
      <scale x="0.280000" y="0.200000" />
      <rotation value="0.000000" />
      <nameHash>MP_Vinewood_Tat_027_M</nameHash>
      <txdHash>MP_Vinewood_Tat_027</txdHash>
      <txtHash>MP_Vinewood_Tat_027</txtHash>
      <zone>ZONE_LEFT_LEG</zone>
      <type>TYPE_TATTOO</type>
      <faction>FM</faction>
      <garment>All</garment>
      <gender>GENDER_MALE</gender>
      <award />
      <awardLevel />
    </Item>
	<Item>
      <uvPos x="0.225000" y="0.310000" />
      <scale x="0.280000" y="0.200000" />
      <rotation value="0.000000" />
      <nameHash>MP_Vinewood_Tat_027_F</nameHash>
      <txdHash>MP_Vinewood_Tat_027</txdHash>
      <txtHash>MP_Vinewood_Tat_027</txtHash>
      <zone>ZONE_LEFT_LEG</zone>
      <type>TYPE_TATTOO</type>
      <faction>FM</faction>
      <garment>All</garment>
      <gender>GENDER_FEMALE</gender>
      <award />
      <awardLevel />
    </Item>
	<Item>
      <uvPos x="0.510000" y="0.800000" />
      <scale x="0.140000" y="0.170000" />
      <rotation value="0.000000" />
      <nameHash>MP_Vinewood_Tat_028_M</nameHash>
      <txdHash>MP_Vinewood_Tat_028</txdHash>
      <txtHash>MP_Vinewood_Tat_028</txtHash>
      <zone>ZONE_RIGHT_ARM</zone>
      <type>TYPE_TATTOO</type>
      <faction>FM</faction>
      <garment>All</garment>
      <gender>GENDER_MALE</gender>
      <award />
      <awardLevel />
    </Item>
	<Item>
      <uvPos x="0.510000" y="0.780000" />
      <scale x="0.140000" y="0.185000" />
      <rotation value="0.000000" />
      <nameHash>MP_Vinewood_Tat_028_F</nameHash>
      <txdHash>MP_Vinewood_Tat_028</txdHash>
      <txtHash>MP_Vinewood_Tat_028</txtHash>
      <zone>ZONE_RIGHT_ARM</zone>
      <type>TYPE_TATTOO</type>
      <faction>FM</faction>
      <garment>All</garment>
      <gender>GENDER_FEMALE</gender>
      <award />
      <awardLevel />
    </Item>
	<Item>
      <uvPos x="0.224000" y="0.480000" />
      <scale x="0.260000" y="0.280000" />
      <rotation value="0.000000" />
      <nameHash>MP_Vinewood_Tat_029_M</nameHash>
      <txdHash>MP_Vinewood_Tat_029</txdHash>
      <txtHash>MP_Vinewood_Tat_029</txtHash>
      <zone>ZONE_TORSO</zone>
      <type>TYPE_TATTOO</type>
      <faction>FM</faction>
      <garment>All</garment>
      <gender>GENDER_MALE</gender>
      <award />
      <awardLevel />
    </Item>
	<Item>
      <uvPos x="0.224000" y="0.550000" />
      <scale x="0.240000" y="0.230000" />
      <rotation value="0.000000" />
      <nameHash>MP_Vinewood_Tat_029_F</nameHash>
      <txdHash>MP_Vinewood_Tat_029</txdHash>
      <txtHash>MP_Vinewood_Tat_029</txtHash>
      <zone>ZONE_TORSO</zone>
      <type>TYPE_TATTOO</type>
      <faction>FM</faction>
      <garment>All</garment>
      <gender>GENDER_FEMALE</gender>
      <award />
      <awardLevel />
    </Item>
	<Item>
      <uvPos x="0.224000" y="0.490000" />
      <scale x="0.260000" y="0.280000" />
      <rotation value="0.000000" />
      <nameHash>MP_Vinewood_Tat_030_M</nameHash>
      <txdHash>MP_Vinewood_Tat_030</txdHash>
      <txtHash>MP_Vinewood_Tat_030</txtHash>
      <zone>ZONE_TORSO</zone>
      <type>TYPE_TATTOO</type>
      <faction>FM</faction>
      <garment>All</garment>
      <gender>GENDER_MALE</gender>
      <award />
      <awardLevel />
    </Item>
	<Item>
      <uvPos x="0.224000" y="0.550000" />
      <scale x="0.260000" y="0.240000" />
      <rotation value="0.000000" />
      <nameHash>MP_Vinewood_Tat_030_F</nameHash>
      <txdHash>MP_Vinewood_Tat_030</txdHash>
      <txtHash>MP_Vinewood_Tat_030</txtHash>
      <zone>ZONE_TORSO</zone>
      <type>TYPE_TATTOO</type>
      <faction>FM</faction>
      <garment>All</garment>
      <gender>GENDER_FEMALE</gender>
      <award />
      <awardLevel />
    </Item>
	<Item>
      <uvPos x="0.720000" y="0.320000" />
      <scale x="0.230000" y="0.150000" />
      <rotation value="0.000000" />
      <nameHash>MP_Vinewood_Tat_031_M</nameHash>
      <txdHash>MP_Vinewood_Tat_031</txdHash>
      <txtHash>MP_Vinewood_Tat_031</txtHash>
      <zone>ZONE_TORSO</zone>
      <type>TYPE_TATTOO</type>
      <faction>FM</faction>
      <garment>All</garment>
      <gender>GENDER_MALE</gender>
      <award />
      <awardLevel />
    </Item>
	<Item>
      <uvPos x="0.720000" y="0.370000" />
      <scale x="0.230000" y="0.120000" />
      <rotation value="0.000000" />
      <nameHash>MP_Vinewood_Tat_031_F</nameHash>
      <txdHash>MP_Vinewood_Tat_031</txdHash>
      <txtHash>MP_Vinewood_Tat_031</txtHash>
      <zone>ZONE_TORSO</zone>
      <type>TYPE_TATTOO</type>
      <faction>FM</faction>
      <garment>All</garment>
      <gender>GENDER_FEMALE</gender>
      <award />
      <awardLevel />
    </Item>
	<Item>
      <uvPos x="0.224000" y="0.500000" />
      <scale x="0.260000" y="0.300000" />
      <rotation value="0.000000" />
      <nameHash>MP_Vinewood_Tat_032_M</nameHash>
      <txdHash>MP_Vinewood_Tat_032</txdHash>
      <txtHash>MP_Vinewood_Tat_032</txtHash>
      <zone>ZONE_TORSO</zone>
      <type>TYPE_TATTOO</type>
      <faction>FM</faction>
      <garment>All</garment>
      <gender>GENDER_MALE</gender>
      <award />
      <awardLevel />
    </Item>
	<Item>
      <uvPos x="0.224000" y="0.550000" />
      <scale x="0.240000" y="0.250000" />
      <rotation value="0.000000" />
      <nameHash>MP_Vinewood_Tat_032_F</nameHash>
      <txdHash>MP_Vinewood_Tat_032</txdHash>
      <txtHash>MP_Vinewood_Tat_032</txtHash>
      <zone>ZONE_TORSO</zone>
      <type>TYPE_TATTOO</type>
      <faction>FM</faction>
      <garment>All</garment>
      <gender>GENDER_FEMALE</gender>
      <award />
      <awardLevel />
    </Item>
	<Item>
      <uvPos x="0.737000" y="0.690000" />
      <scale x="0.140000" y="0.140000" />
      <rotation value="0.000000" />
      <nameHash>MP_Vinewood_Tee_000_M</nameHash>
      <txdHash>MP_Vinewood_Tee_000</txdHash>
      <txtHash>MP_Vinewood_Tee_000</txtHash>
      <zone>ZONE_TORSO</zone>
      <type>TYPE_BADGE</type>
      <faction>FM</faction>
      <garment>All</garment>
      <gender>GENDER_MALE</gender>
      <award />
      <awardLevel />
    </Item>
	<Item>
      <uvPos x="0.735000" y="0.660000" />
      <scale x="0.140000" y="0.140000" />
      <rotation value="0.000000" />
      <nameHash>MP_Vinewood_Tee_000_F</nameHash>
      <txdHash>MP_Vinewood_Tee_000</txdHash>
      <txtHash>MP_Vinewood_Tee_000</txtHash>
      <zone>ZONE_TORSO</zone>
      <type>TYPE_BADGE</type>
      <faction>FM</faction>
      <garment>All</garment>
      <gender>GENDER_FEMALE</gender>
      <award />
      <awardLevel />
    </Item>
	<Item>
      <uvPos x="0.737000" y="0.690000" />
      <scale x="0.140000" y="0.140000" />
      <rotation value="0.000000" />
      <nameHash>MP_Vinewood_Tee_001_M</nameHash>
      <txdHash>MP_Vinewood_Tee_001</txdHash>
      <txtHash>MP_Vinewood_Tee_001</txtHash>
      <zone>ZONE_TORSO</zone>
      <type>TYPE_BADGE</type>
      <faction>FM</faction>
      <garment>All</garment>
      <gender>GENDER_MALE</gender>
      <award />
      <awardLevel />
    </Item>
	<Item>
      <uvPos x="0.735000" y="0.660000" />
      <scale x="0.140000" y="0.140000" />
      <rotation value="0.000000" />
      <nameHash>MP_Vinewood_Tee_001_F</nameHash>
      <txdHash>MP_Vinewood_Tee_001</txdHash>
      <txtHash>MP_Vinewood_Tee_001</txtHash>
      <zone>ZONE_TORSO</zone>
      <type>TYPE_BADGE</type>
      <faction>FM</faction>
      <garment>All</garment>
      <gender>GENDER_FEMALE</gender>
      <award />
      <awardLevel />
    </Item>
	<Item>
      <uvPos x="0.737000" y="0.720000" />
      <scale x="0.140000" y="0.140000" />
      <rotation value="0.000000" />
      <nameHash>MP_Vinewood_Tee_002_M</nameHash>
      <txdHash>MP_Vinewood_Tee_002</txdHash>
      <txtHash>MP_Vinewood_Tee_002</txtHash>
      <zone>ZONE_TORSO</zone>
      <type>TYPE_BADGE</type>
      <faction>FM</faction>
      <garment>All</garment>
      <gender>GENDER_MALE</gender>
      <award />
      <awardLevel />
    </Item>
	<Item>
      <uvPos x="0.735000" y="0.700000" />
      <scale x="0.140000" y="0.140000" />
      <rotation value="0.000000" />
      <nameHash>MP_Vinewood_Tee_002_F</nameHash>
      <txdHash>MP_Vinewood_Tee_002</txdHash>
      <txtHash>MP_Vinewood_Tee_002</txtHash>
      <zone>ZONE_TORSO</zone>
      <type>TYPE_BADGE</type>
      <faction>FM</faction>
      <garment>All</garment>
      <gender>GENDER_FEMALE</gender>
      <award />
      <awardLevel />
    </Item>
	<Item>
      <uvPos x="0.737000" y="0.720000" />
      <scale x="0.140000" y="0.140000" />
      <rotation value="0.000000" />
      <nameHash>MP_Vinewood_Tee_003_M</nameHash>
      <txdHash>MP_Vinewood_Tee_003</txdHash>
      <txtHash>MP_Vinewood_Tee_003</txtHash>
      <zone>ZONE_TORSO</zone>
      <type>TYPE_BADGE</type>
      <faction>FM</faction>
      <garment>All</garment>
      <gender>GENDER_MALE</gender>
      <award />
      <awardLevel />
    </Item>
	<Item>
      <uvPos x="0.735000" y="0.710000" />
      <scale x="0.140000" y="0.140000" />
      <rotation value="0.000000" />
      <nameHash>MP_Vinewood_Tee_003_F</nameHash>
      <txdHash>MP_Vinewood_Tee_003</txdHash>
      <txtHash>MP_Vinewood_Tee_003</txtHash>
      <zone>ZONE_TORSO</zone>
      <type>TYPE_BADGE</type>
      <faction>FM</faction>
      <garment>All</garment>
      <gender>GENDER_FEMALE</gender>
      <award />
      <awardLevel />
    </Item>
	<Item>
      <uvPos x="0.737000" y="0.720000" />
      <scale x="0.160000" y="0.160000" />
      <rotation value="0.000000" />
      <nameHash>MP_Vinewood_Tee_004_M</nameHash>
      <txdHash>MP_Vinewood_Tee_004</txdHash>
      <txtHash>MP_Vinewood_Tee_004</txtHash>
      <zone>ZONE_TORSO</zone>
      <type>TYPE_BADGE</type>
      <faction>FM</faction>
      <garment>All</garment>
      <gender>GENDER_MALE</gender>
      <award />
      <awardLevel />
    </Item>
	<Item>
      <uvPos x="0.735000" y="0.710000" />
      <scale x="0.140000" y="0.140000" />
      <rotation value="0.000000" />
      <nameHash>MP_Vinewood_Tee_004_F</nameHash>
      <txdHash>MP_Vinewood_Tee_004</txdHash>
      <txtHash>MP_Vinewood_Tee_004</txtHash>
      <zone>ZONE_TORSO</zone>
      <type>TYPE_BADGE</type>
      <faction>FM</faction>
      <garment>All</garment>
      <gender>GENDER_FEMALE</gender>
      <award />
      <awardLevel />
    </Item>
	<Item>
      <uvPos x="0.737000" y="0.660000" />
      <scale x="0.140000" y="0.140000" />
      <rotation value="0.000000" />
      <nameHash>MP_Vinewood_Tee_005_M</nameHash>
      <txdHash>MP_Vinewood_Tee_005</txdHash>
      <txtHash>MP_Vinewood_Tee_005</txtHash>
      <zone>ZONE_TORSO</zone>
      <type>TYPE_BADGE</type>
      <faction>FM</faction>
      <garment>All</garment>
      <gender>GENDER_MALE</gender>
      <award />
      <awardLevel />
    </Item>
	<Item>
      <uvPos x="0.735000" y="0.650000" />
      <scale x="0.120000" y="0.120000" />
      <rotation value="0.000000" />
      <nameHash>MP_Vinewood_Tee_005_F</nameHash>
      <txdHash>MP_Vinewood_Tee_005</txdHash>
      <txtHash>MP_Vinewood_Tee_005</txtHash>
      <zone>ZONE_TORSO</zone>
      <type>TYPE_BADGE</type>
      <faction>FM</faction>
      <garment>All</garment>
      <gender>GENDER_FEMALE</gender>
      <award />
      <awardLevel />
    </Item>
	<Item>
      <uvPos x="0.737000" y="0.720000" />
      <scale x="0.140000" y="0.140000" />
      <rotation value="0.000000" />
      <nameHash>MP_Vinewood_Tee_006_M</nameHash>
      <txdHash>MP_Vinewood_Tee_006</txdHash>
      <txtHash>MP_Vinewood_Tee_006</txtHash>
      <zone>ZONE_TORSO</zone>
      <type>TYPE_BADGE</type>
      <faction>FM</faction>
      <garment>All</garment>
      <gender>GENDER_MALE</gender>
      <award />
      <awardLevel />
    </Item>
	<Item>
      <uvPos x="0.735000" y="0.710000" />
      <scale x="0.130000" y="0.130000" />
      <rotation value="0.000000" />
      <nameHash>MP_Vinewood_Tee_006_F</nameHash>
      <txdHash>MP_Vinewood_Tee_006</txdHash>
      <txtHash>MP_Vinewood_Tee_006</txtHash>
      <zone>ZONE_TORSO</zone>
      <type>TYPE_BADGE</type>
      <faction>FM</faction>
      <garment>All</garment>
      <gender>GENDER_FEMALE</gender>
      <award />
      <awardLevel />
    </Item>
	<Item>
      <uvPos x="0.737000" y="0.720000" />
      <scale x="0.140000" y="0.140000" />
      <rotation value="0.000000" />
      <nameHash>MP_Vinewood_Tee_007_M</nameHash>
      <txdHash>MP_Vinewood_Tee_007</txdHash>
      <txtHash>MP_Vinewood_Tee_007</txtHash>
      <zone>ZONE_TORSO</zone>
      <type>TYPE_BADGE</type>
      <faction>FM</faction>
      <garment>All</garment>
      <gender>GENDER_MALE</gender>
      <award />
      <awardLevel />
    </Item>
	<Item>
      <uvPos x="0.735000" y="0.710000" />
      <scale x="0.120000" y="0.120000" />
      <rotation value="0.000000" />
      <nameHash>MP_Vinewood_Tee_007_F</nameHash>
      <txdHash>MP_Vinewood_Tee_007</txdHash>
      <txtHash>MP_Vinewood_Tee_007</txtHash>
      <zone>ZONE_TORSO</zone>
      <type>TYPE_BADGE</type>
      <faction>FM</faction>
      <garment>All</garment>
      <gender>GENDER_FEMALE</gender>
      <award />
      <awardLevel />
    </Item>
	<Item>
      <uvPos x="0.737000" y="0.720000" />
      <scale x="0.140000" y="0.140000" />
      <rotation value="0.000000" />
      <nameHash>MP_Vinewood_Tee_008_M</nameHash>
      <txdHash>MP_Vinewood_Tee_008</txdHash>
      <txtHash>MP_Vinewood_Tee_008</txtHash>
      <zone>ZONE_TORSO</zone>
      <type>TYPE_BADGE</type>
      <faction>FM</faction>
      <garment>All</garment>
      <gender>GENDER_MALE</gender>
      <award />
      <awardLevel />
    </Item>
	<Item>
      <uvPos x="0.735000" y="0.710000" />
      <scale x="0.120000" y="0.120000" />
      <rotation value="0.000000" />
      <nameHash>MP_Vinewood_Tee_008_F</nameHash>
      <txdHash>MP_Vinewood_Tee_008</txdHash>
      <txtHash>MP_Vinewood_Tee_008</txtHash>
      <zone>ZONE_TORSO</zone>
      <type>TYPE_BADGE</type>
      <faction>FM</faction>
      <garment>All</garment>
      <gender>GENDER_FEMALE</gender>
      <award />
      <awardLevel />
    </Item>
	<Item>
      <uvPos x="0.737000" y="0.680000" />
      <scale x="0.130000" y="0.130000" />
      <rotation value="0.000000" />
      <nameHash>MP_Vinewood_Tee_009_M</nameHash>
      <txdHash>MP_Vinewood_Tee_009</txdHash>
      <txtHash>MP_Vinewood_Tee_009</txtHash>
      <zone>ZONE_TORSO</zone>
      <type>TYPE_BADGE</type>
      <faction>FM</faction>
      <garment>All</garment>
      <gender>GENDER_MALE</gender>
      <award />
      <awardLevel />
    </Item>
	<Item>
      <uvPos x="0.735000" y="0.690000" />
      <scale x="0.090000" y="0.100000" />
      <rotation value="0.000000" />
      <nameHash>MP_Vinewood_Tee_009_F</nameHash>
      <txdHash>MP_Vinewood_Tee_009</txdHash>
      <txtHash>MP_Vinewood_Tee_009</txtHash>
      <zone>ZONE_TORSO</zone>
      <type>TYPE_BADGE</type>
      <faction>FM</faction>
      <garment>All</garment>
      <gender>GENDER_FEMALE</gender>
      <award />
      <awardLevel />
    </Item>
	<Item>
      <uvPos x="0.737000" y="0.680000" />
      <scale x="0.130000" y="0.130000" />
      <rotation value="0.000000" />
      <nameHash>MP_Vinewood_Tee_010_M</nameHash>
      <txdHash>MP_Vinewood_Tee_010</txdHash>
      <txtHash>MP_Vinewood_Tee_010</txtHash>
      <zone>ZONE_TORSO</zone>
      <type>TYPE_BADGE</type>
      <faction>FM</faction>
      <garment>All</garment>
      <gender>GENDER_MALE</gender>
      <award />
      <awardLevel />
    </Item>
	<Item>
      <uvPos x="0.735000" y="0.690000" />
      <scale x="0.090000" y="0.100000" />
      <rotation value="0.000000" />
      <nameHash>MP_Vinewood_Tee_010_F</nameHash>
      <txdHash>MP_Vinewood_Tee_010</txdHash>
      <txtHash>MP_Vinewood_Tee_010</txtHash>
      <zone>ZONE_TORSO</zone>
      <type>TYPE_BADGE</type>
      <faction>FM</faction>
      <garment>All</garment>
      <gender>GENDER_FEMALE</gender>
      <award />
      <awardLevel />
    </Item>
	<Item>
      <uvPos x="0.790000" y="0.730000" />
      <scale x="0.130000" y="0.130000" />
      <rotation value="-25.000000" />
      <nameHash>MP_Vinewood_Tee_011_M</nameHash>
      <txdHash>MP_Vinewood_Tee_011</txdHash>
      <txtHash>MP_Vinewood_Tee_011</txtHash>
      <zone>ZONE_TORSO</zone>
      <type>TYPE_BADGE</type>
      <faction>FM</faction>
      <garment>All</garment>
      <gender>GENDER_MALE</gender>
      <award />
      <awardLevel />
    </Item>
	<Item>
      <uvPos x="0.780000" y="0.720000" />
      <scale x="0.110000" y="0.110000" />
      <rotation value="-25.000000" />
      <nameHash>MP_Vinewood_Tee_011_F</nameHash>
      <txdHash>MP_Vinewood_Tee_011</txdHash>
      <txtHash>MP_Vinewood_Tee_011</txtHash>
      <zone>ZONE_TORSO</zone>
      <type>TYPE_BADGE</type>
      <faction>FM</faction>
      <garment>All</garment>
      <gender>GENDER_FEMALE</gender>
      <award />
      <awardLevel />
    </Item>
	<Item>
      <uvPos x="0.790000" y="0.730000" />
      <scale x="0.130000" y="0.130000" />
      <rotation value="-25.000000" />
      <nameHash>MP_Vinewood_Tee_012_M</nameHash>
      <txdHash>MP_Vinewood_Tee_012</txdHash>
      <txtHash>MP_Vinewood_Tee_012</txtHash>
      <zone>ZONE_TORSO</zone>
      <type>TYPE_BADGE</type>
      <faction>FM</faction>
      <garment>All</garment>
      <gender>GENDER_MALE</gender>
      <award />
      <awardLevel />
    </Item>
	<Item>
      <uvPos x="0.780000" y="0.720000" />
      <scale x="0.110000" y="0.110000" />
      <rotation value="-25.000000" />
      <nameHash>MP_Vinewood_Tee_012_F</nameHash>
      <txdHash>MP_Vinewood_Tee_012</txdHash>
      <txtHash>MP_Vinewood_Tee_012</txtHash>
      <zone>ZONE_TORSO</zone>
      <type>TYPE_BADGE</type>
      <faction>FM</faction>
      <garment>All</garment>
      <gender>GENDER_FEMALE</gender>
      <award />
      <awardLevel />
    </Item>
	<Item>
      <uvPos x="0.790000" y="0.730000" />
      <scale x="0.130000" y="0.130000" />
      <rotation value="-25.000000" />
      <nameHash>MP_Vinewood_Tee_013_M</nameHash>
      <txdHash>MP_Vinewood_Tee_013</txdHash>
      <txtHash>MP_Vinewood_Tee_013</txtHash>
      <zone>ZONE_TORSO</zone>
      <type>TYPE_BADGE</type>
      <faction>FM</faction>
      <garment>All</garment>
      <gender>GENDER_MALE</gender>
      <award />
      <awardLevel />
    </Item>
	<Item>
      <uvPos x="0.780000" y="0.720000" />
      <scale x="0.110000" y="0.110000" />
      <rotation value="-25.000000" />
      <nameHash>MP_Vinewood_Tee_013_F</nameHash>
      <txdHash>MP_Vinewood_Tee_013</txdHash>
      <txtHash>MP_Vinewood_Tee_013</txtHash>
      <zone>ZONE_TORSO</zone>
      <type>TYPE_BADGE</type>
      <faction>FM</faction>
      <garment>All</garment>
      <gender>GENDER_FEMALE</gender>
      <award />
      <awardLevel />
    </Item>
	<Item>
      <uvPos x="0.790000" y="0.730000" />
      <scale x="0.130000" y="0.130000" />
      <rotation value="-25.000000" />
      <nameHash>MP_Vinewood_Tee_014_M</nameHash>
      <txdHash>MP_Vinewood_Tee_014</txdHash>
      <txtHash>MP_Vinewood_Tee_014</txtHash>
      <zone>ZONE_TORSO</zone>
      <type>TYPE_BADGE</type>
      <faction>FM</faction>
      <garment>All</garment>
      <gender>GENDER_MALE</gender>
      <award />
      <awardLevel />
    </Item>
	<Item>
      <uvPos x="0.780000" y="0.720000" />
      <scale x="0.110000" y="0.110000" />
      <rotation value="-25.000000" />
      <nameHash>MP_Vinewood_Tee_014_F</nameHash>
      <txdHash>MP_Vinewood_Tee_014</txdHash>
      <txtHash>MP_Vinewood_Tee_014</txtHash>
      <zone>ZONE_TORSO</zone>
      <type>TYPE_BADGE</type>
      <faction>FM</faction>
      <garment>All</garment>
      <gender>GENDER_FEMALE</gender>
      <award />
      <awardLevel />
    </Item>
	<Item>
      <uvPos x="0.737000" y="0.720000" />
      <scale x="0.140000" y="0.140000" />
      <rotation value="0.000000" />
      <nameHash>MP_Vinewood_Tee_015_M</nameHash>
      <txdHash>MP_Vinewood_Tee_015</txdHash>
      <txtHash>MP_Vinewood_Tee_015</txtHash>
      <zone>ZONE_TORSO</zone>
      <type>TYPE_BADGE</type>
      <faction>FM</faction>
      <garment>All</garment>
      <gender>GENDER_MALE</gender>
      <award />
      <awardLevel />
    </Item>
	<Item>
      <uvPos x="0.735000" y="0.710000" />
      <scale x="0.130000" y="0.130000" />
      <rotation value="0.000000" />
      <nameHash>MP_Vinewood_Tee_015_F</nameHash>
      <txdHash>MP_Vinewood_Tee_015</txdHash>
      <txtHash>MP_Vinewood_Tee_015</txtHash>
      <zone>ZONE_TORSO</zone>
      <type>TYPE_BADGE</type>
      <faction>FM</faction>
      <garment>All</garment>
      <gender>GENDER_FEMALE</gender>
      <award />
      <awardLevel />
    </Item>
	<Item>
      <uvPos x="0.737000" y="0.720000" />
      <scale x="0.140000" y="0.140000" />
      <rotation value="0.000000" />
      <nameHash>MP_Vinewood_Tee_016_M</nameHash>
      <txdHash>MP_Vinewood_Tee_016</txdHash>
      <txtHash>MP_Vinewood_Tee_016</txtHash>
      <zone>ZONE_TORSO</zone>
      <type>TYPE_BADGE</type>
      <faction>FM</faction>
      <garment>All</garment>
      <gender>GENDER_MALE</gender>
      <award />
      <awardLevel />
    </Item>
	<Item>
      <uvPos x="0.735000" y="0.710000" />
      <scale x="0.130000" y="0.130000" />
      <rotation value="0.000000" />
      <nameHash>MP_Vinewood_Tee_016_F</nameHash>
      <txdHash>MP_Vinewood_Tee_016</txdHash>
      <txtHash>MP_Vinewood_Tee_016</txtHash>
      <zone>ZONE_TORSO</zone>
      <type>TYPE_BADGE</type>
      <faction>FM</faction>
      <garment>All</garment>
      <gender>GENDER_FEMALE</gender>
      <award />
      <awardLevel />
    </Item>
	<Item>
      <uvPos x="0.737000" y="0.700000" />
      <scale x="0.140000" y="0.140000" />
      <rotation value="0.000000" />
      <nameHash>MP_Vinewood_Tee_017_M</nameHash>
      <txdHash>MP_Vinewood_Tee_017</txdHash>
      <txtHash>MP_Vinewood_Tee_017</txtHash>
      <zone>ZONE_TORSO</zone>
      <type>TYPE_BADGE</type>
      <faction>FM</faction>
      <garment>All</garment>
      <gender>GENDER_MALE</gender>
      <award />
      <awardLevel />
    </Item>
	<Item>
      <uvPos x="0.735000" y="0.700000" />
      <scale x="0.120000" y="0.120000" />
      <rotation value="0.000000" />
      <nameHash>MP_Vinewood_Tee_017_F</nameHash>
      <txdHash>MP_Vinewood_Tee_017</txdHash>
      <txtHash>MP_Vinewood_Tee_017</txtHash>
      <zone>ZONE_TORSO</zone>
      <type>TYPE_BADGE</type>
      <faction>FM</faction>
      <garment>All</garment>
      <gender>GENDER_FEMALE</gender>
      <award />
      <awardLevel />
    </Item>
	<Item>
      <uvPos x="0.737000" y="0.700000" />
      <scale x="0.140000" y="0.140000" />
      <rotation value="0.000000" />
      <nameHash>MP_Vinewood_Tee_018_M</nameHash>
      <txdHash>MP_Vinewood_Tee_018</txdHash>
      <txtHash>MP_Vinewood_Tee_018</txtHash>
      <zone>ZONE_TORSO</zone>
      <type>TYPE_BADGE</type>
      <faction>FM</faction>
      <garment>All</garment>
      <gender>GENDER_MALE</gender>
      <award />
      <awardLevel />
    </Item>
	<Item>
      <uvPos x="0.735000" y="0.700000" />
      <scale x="0.120000" y="0.120000" />
      <rotation value="0.000000" />
      <nameHash>MP_Vinewood_Tee_018_F</nameHash>
      <txdHash>MP_Vinewood_Tee_018</txdHash>
      <txtHash>MP_Vinewood_Tee_018</txtHash>
      <zone>ZONE_TORSO</zone>
      <type>TYPE_BADGE</type>
      <faction>FM</faction>
      <garment>All</garment>
      <gender>GENDER_FEMALE</gender>
      <award />
      <awardLevel />
    </Item>
	<Item>
      <uvPos x="0.737000" y="0.670000" />
      <scale x="0.140000" y="0.140000" />
      <rotation value="0.000000" />
      <nameHash>MP_Vinewood_Tee_019_M</nameHash>
      <txdHash>MP_Vinewood_Tee_019</txdHash>
      <txtHash>MP_Vinewood_Tee_019</txtHash>
      <zone>ZONE_TORSO</zone>
      <type>TYPE_BADGE</type>
      <faction>FM</faction>
      <garment>All</garment>
      <gender>GENDER_MALE</gender>
      <award />
      <awardLevel />
    </Item>
	<Item>
      <uvPos x="0.735000" y="0.670000" />
      <scale x="0.130000" y="0.130000" />
      <rotation value="0.000000" />
      <nameHash>MP_Vinewood_Tee_019_F</nameHash>
      <txdHash>MP_Vinewood_Tee_019</txdHash>
      <txtHash>MP_Vinewood_Tee_019</txtHash>
      <zone>ZONE_TORSO</zone>
      <type>TYPE_BADGE</type>
      <faction>FM</faction>
      <garment>All</garment>
      <gender>GENDER_FEMALE</gender>
      <award />
      <awardLevel />
    </Item>
	<Item>
      <uvPos x="0.737000" y="0.700000" />
      <scale x="0.160000" y="0.160000" />
      <rotation value="0.000000" />
      <nameHash>MP_Vinewood_Tee_020_M</nameHash>
      <txdHash>MP_Vinewood_Tee_020</txdHash>
      <txtHash>MP_Vinewood_Tee_020</txtHash>
      <zone>ZONE_TORSO</zone>
      <type>TYPE_BADGE</type>
      <faction>FM</faction>
      <garment>All</garment>
      <gender>GENDER_MALE</gender>
      <award />
      <awardLevel />
    </Item>
	<Item>
      <uvPos x="0.727000" y="0.690000" />
      <scale x="0.130000" y="0.130000" />
      <rotation value="0.000000" />
      <nameHash>MP_Vinewood_Tee_020_F</nameHash>
      <txdHash>MP_Vinewood_Tee_020</txdHash>
      <txtHash>MP_Vinewood_Tee_020</txtHash>
      <zone>ZONE_TORSO</zone>
      <type>TYPE_BADGE</type>
      <faction>FM</faction>
      <garment>All</garment>
      <gender>GENDER_FEMALE</gender>
      <award />
      <awardLevel />
    </Item>
	<Item>
      <uvPos x="0.737000" y="0.700000" />
      <scale x="0.140000" y="0.140000" />
      <rotation value="0.000000" />
      <nameHash>MP_Vinewood_Tee_021_M</nameHash>
      <txdHash>MP_Vinewood_Tee_021</txdHash>
      <txtHash>MP_Vinewood_Tee_021</txtHash>
      <zone>ZONE_TORSO</zone>
      <type>TYPE_BADGE</type>
      <faction>FM</faction>
      <garment>All</garment>
      <gender>GENDER_MALE</gender>
      <award />
      <awardLevel />
    </Item>
	<Item>
      <uvPos x="0.735000" y="0.700000" />
      <scale x="0.130000" y="0.130000" />
      <rotation value="0.000000" />
      <nameHash>MP_Vinewood_Tee_021_F</nameHash>
      <txdHash>MP_Vinewood_Tee_021</txdHash>
      <txtHash>MP_Vinewood_Tee_021</txtHash>
      <zone>ZONE_TORSO</zone>
      <type>TYPE_BADGE</type>
      <faction>FM</faction>
      <garment>All</garment>
      <gender>GENDER_FEMALE</gender>
      <award />
      <awardLevel />
    </Item>
	<Item>
      <uvPos x="0.737000" y="0.700000" />
      <scale x="0.130000" y="0.130000" />
      <rotation value="0.000000" />
      <nameHash>MP_Vinewood_Tee_022_M</nameHash>
      <txdHash>MP_Vinewood_Tee_022</txdHash>
      <txtHash>MP_Vinewood_Tee_022</txtHash>
      <zone>ZONE_TORSO</zone>
      <type>TYPE_BADGE</type>
      <faction>FM</faction>
      <garment>All</garment>
      <gender>GENDER_MALE</gender>
      <award />
      <awardLevel />
    </Item>
	<Item>
      <uvPos x="0.735000" y="0.700000" />
      <scale x="0.100000" y="0.100000" />
      <rotation value="0.000000" />
      <nameHash>MP_Vinewood_Tee_022_F</nameHash>
      <txdHash>MP_Vinewood_Tee_022</txdHash>
      <txtHash>MP_Vinewood_Tee_022</txtHash>
      <zone>ZONE_TORSO</zone>
      <type>TYPE_BADGE</type>
      <faction>FM</faction>
      <garment>All</garment>
      <gender>GENDER_FEMALE</gender>
      <award />
      <awardLevel />
    </Item>
	<Item>
      <uvPos x="0.737000" y="0.690000" />
      <scale x="0.140000" y="0.140000" />
      <rotation value="0.000000" />
      <nameHash>MP_Vinewood_Tee_023_M</nameHash>
      <txdHash>MP_Vinewood_Tee_023</txdHash>
      <txtHash>MP_Vinewood_Tee_023</txtHash>
      <zone>ZONE_TORSO</zone>
      <type>TYPE_BADGE</type>
      <faction>FM</faction>
      <garment>All</garment>
      <gender>GENDER_MALE</gender>
      <award />
      <awardLevel />
    </Item>
	<Item>
      <uvPos x="0.735000" y="0.680000" />
      <scale x="0.130000" y="0.130000" />
      <rotation value="0.000000" />
      <nameHash>MP_Vinewood_Tee_023_F</nameHash>
      <txdHash>MP_Vinewood_Tee_023</txdHash>
      <txtHash>MP_Vinewood_Tee_023</txtHash>
      <zone>ZONE_TORSO</zone>
      <type>TYPE_BADGE</type>
      <faction>FM</faction>
      <garment>All</garment>
      <gender>GENDER_FEMALE</gender>
      <award />
      <awardLevel />
    </Item>
	<Item>
      <uvPos x="0.737000" y="0.700000" />
      <scale x="0.140000" y="0.140000" />
      <rotation value="0.000000" />
      <nameHash>MP_Vinewood_Tee_024_M</nameHash>
      <txdHash>MP_Vinewood_Tee_024</txdHash>
      <txtHash>MP_Vinewood_Tee_024</txtHash>
      <zone>ZONE_TORSO</zone>
      <type>TYPE_BADGE</type>
      <faction>FM</faction>
      <garment>All</garment>
      <gender>GENDER_MALE</gender>
      <award />
      <awardLevel />
    </Item>
	<Item>
      <uvPos x="0.735000" y="0.700000" />
      <scale x="0.130000" y="0.130000" />
      <rotation value="0.000000" />
      <nameHash>MP_Vinewood_Tee_024_F</nameHash>
      <txdHash>MP_Vinewood_Tee_024</txdHash>
      <txtHash>MP_Vinewood_Tee_024</txtHash>
      <zone>ZONE_TORSO</zone>
      <type>TYPE_BADGE</type>
      <faction>FM</faction>
      <garment>All</garment>
      <gender>GENDER_FEMALE</gender>
      <award />
      <awardLevel />
    </Item>
	<Item>
      <uvPos x="0.737000" y="0.720000" />
      <scale x="0.140000" y="0.140000" />
      <rotation value="0.000000" />
      <nameHash>MP_Vinewood_Tee_025_M</nameHash>
      <txdHash>MP_Vinewood_Tee_025</txdHash>
      <txtHash>MP_Vinewood_Tee_025</txtHash>
      <zone>ZONE_TORSO</zone>
      <type>TYPE_BADGE</type>
      <faction>FM</faction>
      <garment>All</garment>
      <gender>GENDER_MALE</gender>
      <award />
      <awardLevel />
    </Item>
	<Item>
      <uvPos x="0.735000" y="0.700000" />
      <scale x="0.130000" y="0.130000" />
      <rotation value="0.000000" />
      <nameHash>MP_Vinewood_Tee_025_F</nameHash>
      <txdHash>MP_Vinewood_Tee_025</txdHash>
      <txtHash>MP_Vinewood_Tee_025</txtHash>
      <zone>ZONE_TORSO</zone>
      <type>TYPE_BADGE</type>
      <faction>FM</faction>
      <garment>All</garment>
      <gender>GENDER_FEMALE</gender>
      <award />
      <awardLevel />
    </Item>
	<Item>
      <uvPos x="0.737000" y="0.680000" />
      <scale x="0.110000" y="0.110000" />
      <rotation value="0.000000" />
      <nameHash>MP_Vinewood_Tee_026_M</nameHash>
      <txdHash>MP_Vinewood_Tee_026</txdHash>
      <txtHash>MP_Vinewood_Tee_026</txtHash>
      <zone>ZONE_TORSO</zone>
      <type>TYPE_BADGE</type>
      <faction>FM</faction>
      <garment>All</garment>
      <gender>GENDER_MALE</gender>
      <award />
      <awardLevel />
    </Item>
	<Item>
      <uvPos x="0.735000" y="0.690000" />
      <scale x="0.110000" y="0.110000" />
      <rotation value="0.000000" />
      <nameHash>MP_Vinewood_Tee_026_F</nameHash>
      <txdHash>MP_Vinewood_Tee_026</txdHash>
      <txtHash>MP_Vinewood_Tee_026</txtHash>
      <zone>ZONE_TORSO</zone>
      <type>TYPE_BADGE</type>
      <faction>FM</faction>
      <garment>All</garment>
      <gender>GENDER_FEMALE</gender>
      <award />
      <awardLevel />
    </Item>
	<Item>
      <uvPos x="0.737000" y="0.690000" />
      <scale x="0.140000" y="0.140000" />
      <rotation value="0.000000" />
      <nameHash>MP_Vinewood_Tee_027_M</nameHash>
      <txdHash>MP_Vinewood_Tee_027</txdHash>
      <txtHash>MP_Vinewood_Tee_027</txtHash>
      <zone>ZONE_TORSO</zone>
      <type>TYPE_BADGE</type>
      <faction>FM</faction>
      <garment>All</garment>
      <gender>GENDER_MALE</gender>
      <award />
      <awardLevel />
    </Item>
	<Item>
      <uvPos x="0.735000" y="0.690000" />
      <scale x="0.120000" y="0.120000" />
      <rotation value="0.000000" />
      <nameHash>MP_Vinewood_Tee_027_F</nameHash>
      <txdHash>MP_Vinewood_Tee_027</txdHash>
      <txtHash>MP_Vinewood_Tee_027</txtHash>
      <zone>ZONE_TORSO</zone>
      <type>TYPE_BADGE</type>
      <faction>FM</faction>
      <garment>All</garment>
      <gender>GENDER_FEMALE</gender>
      <award />
      <awardLevel />
    </Item>
	<Item>
      <uvPos x="0.737000" y="0.720000" />
      <scale x="0.140000" y="0.140000" />
      <rotation value="0.000000" />
      <nameHash>MP_Vinewood_Tee_028_M</nameHash>
      <txdHash>MP_Vinewood_Tee_028</txdHash>
      <txtHash>MP_Vinewood_Tee_028</txtHash>
      <zone>ZONE_TORSO</zone>
      <type>TYPE_BADGE</type>
      <faction>FM</faction>
      <garment>All</garment>
      <gender>GENDER_MALE</gender>
      <award />
      <awardLevel />
    </Item>
	<Item>
      <uvPos x="0.735000" y="0.710000" />
      <scale x="0.130000" y="0.130000" />
      <rotation value="0.000000" />
      <nameHash>MP_Vinewood_Tee_028_F</nameHash>
      <txdHash>MP_Vinewood_Tee_028</txdHash>
      <txtHash>MP_Vinewood_Tee_028</txtHash>
      <zone>ZONE_TORSO</zone>
      <type>TYPE_BADGE</type>
      <faction>FM</faction>
      <garment>All</garment>
      <gender>GENDER_FEMALE</gender>
      <award />
      <awardLevel />
    </Item>
	<Item>
      <uvPos x="0.737000" y="0.700000" />
      <scale x="0.140000" y="0.140000" />
      <rotation value="0.000000" />
      <nameHash>MP_Vinewood_Tee_029_M</nameHash>
      <txdHash>MP_Vinewood_Tee_029</txdHash>
      <txtHash>MP_Vinewood_Tee_029</txtHash>
      <zone>ZONE_TORSO</zone>
      <type>TYPE_BADGE</type>
      <faction>FM</faction>
      <garment>All</garment>
      <gender>GENDER_MALE</gender>
      <award />
      <awardLevel />
    </Item>
	<Item>
      <uvPos x="0.735000" y="0.690000" />
      <scale x="0.130000" y="0.130000" />
      <rotation value="0.000000" />
      <nameHash>MP_Vinewood_Tee_029_F</nameHash>
      <txdHash>MP_Vinewood_Tee_029</txdHash>
      <txtHash>MP_Vinewood_Tee_029</txtHash>
      <zone>ZONE_TORSO</zone>
      <type>TYPE_BADGE</type>
      <faction>FM</faction>
      <garment>All</garment>
      <gender>GENDER_FEMALE</gender>
      <award />
      <awardLevel />
    </Item>
  </presets>
  <nameHash>mpVinewood_overlays</nameHash>
  <medalLocations content="vector2_array">
    0.140000	0.070000	
    0.370000	0.070000	
    0.600000	0.070000	
    0.835000	0.070000	
    0.140000	0.150000	
    0.370000	0.150000	
    0.600000	0.150000	
    0.835000	0.150000	
    0.140000	0.230000	
    0.370000	0.230000	
    0.600000	0.230000	
    0.835000	0.230000	
    0.100000	0.700000	
    0.300000	0.700000	
    0.500000	0.700000	
    0.700000	0.700000	
  </medalLocations>
  <medalScale x="0.240000" y="0.100000" />
</PedDecorationCollection>