<?xml version="1.0" encoding="UTF-8"?>

<PedDecorationCollection>
  <bRequiredForSync value="true" />
  <presets>
	<Item>
      <uvPos x="0.737000" y="0.665000" />
      <scale x="0.150000" y="0.150000" />
      <rotation value="0.000000" />
      <nameHash>mpHeist3_Tee_000_M</nameHash>
      <txdHash>MP_Heist3_Tee_000</txdHash>
      <txtHash>MP_Heist3_Tee_000</txtHash>
      <zone>ZONE_TORSO</zone>
      <type>TYPE_BADGE</type>
      <faction>FM</faction>
      <garment>All</garment>
      <gender>GENDER_MALE</gender>
      <award />
      <awardLevel />
    </Item>
	<Item>
      <uvPos x="0.735000" y="0.650000" />
      <scale x="0.130000" y="0.130000" />
      <rotation value="0.000000" />
      <nameHash>mpHeist3_Tee_000_F</nameHash>
      <txdHash>MP_Heist3_Tee_000</txdHash>
      <txtHash>MP_Heist3_Tee_000</txtHash>
      <zone>ZONE_TORSO</zone>
      <type>TYPE_BADGE</type>
      <faction>FM</faction>
      <garment>All</garment>
      <gender>GENDER_FEMALE</gender>
      <award />
      <awardLevel />
    </Item>
	<Item>
      <uvPos x="0.737000" y="0.670000" />
      <scale x="0.150000" y="0.150000" />
      <rotation value="0.000000" />
      <nameHash>mpHeist3_Tee_001_M</nameHash>
      <txdHash>MP_Heist3_Tee_001</txdHash>
      <txtHash>MP_Heist3_Tee_001</txtHash>
      <zone>ZONE_TORSO</zone>
      <type>TYPE_BADGE</type>
      <faction>FM</faction>
      <garment>All</garment>
      <gender>GENDER_MALE</gender>
      <award />
      <awardLevel />
    </Item>
	<Item>
      <uvPos x="0.735000" y="0.650000" />
      <scale x="0.140000" y="0.140000" />
      <rotation value="0.000000" />
      <nameHash>mpHeist3_Tee_001_F</nameHash>
      <txdHash>MP_Heist3_Tee_001</txdHash>
      <txtHash>MP_Heist3_Tee_001</txtHash>
      <zone>ZONE_TORSO</zone>
      <type>TYPE_BADGE</type>
      <faction>FM</faction>
      <garment>All</garment>
      <gender>GENDER_FEMALE</gender>
      <award />
      <awardLevel />
    </Item>
	<Item>
      <uvPos x="0.737000" y="0.710000" />
      <scale x="0.160000" y="0.160000" />
      <rotation value="0.000000" />
      <nameHash>mpHeist3_Tee_002_M</nameHash>
      <txdHash>MP_Heist3_Tee_002</txdHash>
      <txtHash>MP_Heist3_Tee_002</txtHash>
      <zone>ZONE_TORSO</zone>
      <type>TYPE_BADGE</type>
      <faction>FM</faction>
      <garment>All</garment>
      <gender>GENDER_MALE</gender>
      <award />
      <awardLevel />
    </Item>
	<Item>
      <uvPos x="0.735000" y="0.700000" />
      <scale x="0.140000" y="0.140000" />
      <rotation value="0.000000" />
      <nameHash>mpHeist3_Tee_002_F</nameHash>
      <txdHash>MP_Heist3_Tee_002</txdHash>
      <txtHash>MP_Heist3_Tee_002</txtHash>
      <zone>ZONE_TORSO</zone>
      <type>TYPE_BADGE</type>
      <faction>FM</faction>
      <garment>All</garment>
      <gender>GENDER_FEMALE</gender>
      <award />
      <awardLevel />
    </Item>
	<Item>
      <uvPos x="0.737000" y="0.710000" />
      <scale x="0.160000" y="0.160000" />
      <rotation value="0.000000" />
      <nameHash>mpHeist3_Tee_003_M</nameHash>
      <txdHash>MP_Heist3_Tee_003</txdHash>
      <txtHash>MP_Heist3_Tee_003</txtHash>
      <zone>ZONE_TORSO</zone>
      <type>TYPE_BADGE</type>
      <faction>FM</faction>
      <garment>All</garment>
      <gender>GENDER_MALE</gender>
      <award />
      <awardLevel />
    </Item>
	<Item>
      <uvPos x="0.735000" y="0.700000" />
      <scale x="0.140000" y="0.140000" />
      <rotation value="0.000000" />
      <nameHash>mpHeist3_Tee_003_F</nameHash>
      <txdHash>MP_Heist3_Tee_003</txdHash>
      <txtHash>MP_Heist3_Tee_003</txtHash>
      <zone>ZONE_TORSO</zone>
      <type>TYPE_BADGE</type>
      <faction>FM</faction>
      <garment>All</garment>
      <gender>GENDER_FEMALE</gender>
      <award />
      <awardLevel />
    </Item>
	<Item>
      <uvPos x="0.737000" y="0.700000" />
      <scale x="0.150000" y="0.150000" />
      <rotation value="0.000000" />
      <nameHash>mpHeist3_Tee_004_M</nameHash>
      <txdHash>MP_Heist3_Tee_004</txdHash>
      <txtHash>MP_Heist3_Tee_004</txtHash>
      <zone>ZONE_TORSO</zone>
      <type>TYPE_BADGE</type>
      <faction>FM</faction>
      <garment>All</garment>
      <gender>GENDER_MALE</gender>
      <award />
      <awardLevel />
    </Item>
	<Item>
      <uvPos x="0.735000" y="0.690000" />
      <scale x="0.130000" y="0.130000" />
      <rotation value="0.000000" />
      <nameHash>mpHeist3_Tee_004_F</nameHash>
      <txdHash>MP_Heist3_Tee_004</txdHash>
      <txtHash>MP_Heist3_Tee_004</txtHash>
      <zone>ZONE_TORSO</zone>
      <type>TYPE_BADGE</type>
      <faction>FM</faction>
      <garment>All</garment>
      <gender>GENDER_FEMALE</gender>
      <award />
      <awardLevel />
    </Item>
	<Item>
      <uvPos x="0.737000" y="0.700000" />
      <scale x="0.140000" y="0.140000" />
      <rotation value="0.000000" />
      <nameHash>mpHeist3_Tee_005_M</nameHash>
      <txdHash>MP_Heist3_Tee_005</txdHash>
      <txtHash>MP_Heist3_Tee_005</txtHash>
      <zone>ZONE_TORSO</zone>
      <type>TYPE_BADGE</type>
      <faction>FM</faction>
      <garment>All</garment>
      <gender>GENDER_MALE</gender>
      <award />
      <awardLevel />
    </Item>
	<Item>
      <uvPos x="0.740000" y="0.690000" />
      <scale x="0.130000" y="0.130000" />
      <rotation value="0.000000" />
      <nameHash>mpHeist3_Tee_005_F</nameHash>
      <txdHash>MP_Heist3_Tee_005</txdHash>
      <txtHash>MP_Heist3_Tee_005</txtHash>
      <zone>ZONE_TORSO</zone>
      <type>TYPE_BADGE</type>
      <faction>FM</faction>
      <garment>All</garment>
      <gender>GENDER_FEMALE</gender>
      <award />
      <awardLevel />
    </Item>
	<Item>
      <uvPos x="0.737000" y="0.665000" />
      <scale x="0.150000" y="0.150000" />
      <rotation value="0.000000" />
      <nameHash>mpHeist3_Tee_006_M</nameHash>
      <txdHash>MP_Heist3_Tee_006</txdHash>
      <txtHash>MP_Heist3_Tee_006</txtHash>
      <zone>ZONE_TORSO</zone>
      <type>TYPE_BADGE</type>
      <faction>FM</faction>
      <garment>All</garment>
      <gender>GENDER_MALE</gender>
      <award />
      <awardLevel />
    </Item>
	<Item>
      <uvPos x="0.735000" y="0.665000" />
      <scale x="0.130000" y="0.120000" />
      <rotation value="0.000000" />
      <nameHash>mpHeist3_Tee_006_F</nameHash>
      <txdHash>MP_Heist3_Tee_006</txdHash>
      <txtHash>MP_Heist3_Tee_006</txtHash>
      <zone>ZONE_TORSO</zone>
      <type>TYPE_BADGE</type>
      <faction>FM</faction>
      <garment>All</garment>
      <gender>GENDER_FEMALE</gender>
      <award />
      <awardLevel />
    </Item>
	<Item>
      <uvPos x="0.737000" y="0.665000" />
      <scale x="0.150000" y="0.150000" />
      <rotation value="0.000000" />
      <nameHash>mpHeist3_Tee_007_M</nameHash>
      <txdHash>MP_Heist3_Tee_007</txdHash>
      <txtHash>MP_Heist3_Tee_007</txtHash>
      <zone>ZONE_TORSO</zone>
      <type>TYPE_BADGE</type>
      <faction>FM</faction>
      <garment>All</garment>
      <gender>GENDER_MALE</gender>
      <award />
      <awardLevel />
    </Item>
	<Item>
      <uvPos x="0.735000" y="0.665000" />
      <scale x="0.130000" y="0.120000" />
      <rotation value="0.000000" />
      <nameHash>mpHeist3_Tee_007_F</nameHash>
      <txdHash>MP_Heist3_Tee_007</txdHash>
      <txtHash>MP_Heist3_Tee_007</txtHash>
      <zone>ZONE_TORSO</zone>
      <type>TYPE_BADGE</type>
      <faction>FM</faction>
      <garment>All</garment>
      <gender>GENDER_FEMALE</gender>
      <award />
      <awardLevel />
    </Item>
	<Item>
      <uvPos x="0.737000" y="0.665000" />
      <scale x="0.150000" y="0.150000" />
      <rotation value="0.000000" />
      <nameHash>mpHeist3_Tee_008_M</nameHash>
      <txdHash>MP_Heist3_Tee_008</txdHash>
      <txtHash>MP_Heist3_Tee_008</txtHash>
      <zone>ZONE_TORSO</zone>
      <type>TYPE_BADGE</type>
      <faction>FM</faction>
      <garment>All</garment>
      <gender>GENDER_MALE</gender>
      <award />
      <awardLevel />
    </Item>
	<Item>
      <uvPos x="0.735000" y="0.665000" />
      <scale x="0.130000" y="0.120000" />
      <rotation value="0.000000" />
      <nameHash>mpHeist3_Tee_008_F</nameHash>
      <txdHash>MP_Heist3_Tee_008</txdHash>
      <txtHash>MP_Heist3_Tee_008</txtHash>
      <zone>ZONE_TORSO</zone>
      <type>TYPE_BADGE</type>
      <faction>FM</faction>
      <garment>All</garment>
      <gender>GENDER_FEMALE</gender>
      <award />
      <awardLevel />
    </Item>
	<Item>
      <uvPos x="0.737000" y="0.665000" />
      <scale x="0.150000" y="0.150000" />
      <rotation value="0.000000" />
      <nameHash>mpHeist3_Tee_009_M</nameHash>
      <txdHash>MP_Heist3_Tee_009</txdHash>
      <txtHash>MP_Heist3_Tee_009</txtHash>
      <zone>ZONE_TORSO</zone>
      <type>TYPE_BADGE</type>
      <faction>FM</faction>
      <garment>All</garment>
      <gender>GENDER_MALE</gender>
      <award />
      <awardLevel />
    </Item>
	<Item>
      <uvPos x="0.735000" y="0.665000" />
      <scale x="0.130000" y="0.120000" />
      <rotation value="0.000000" />
      <nameHash>mpHeist3_Tee_009_F</nameHash>
      <txdHash>MP_Heist3_Tee_009</txdHash>
      <txtHash>MP_Heist3_Tee_009</txtHash>
      <zone>ZONE_TORSO</zone>
      <type>TYPE_BADGE</type>
      <faction>FM</faction>
      <garment>All</garment>
      <gender>GENDER_FEMALE</gender>
      <award />
      <awardLevel />
    </Item>
	<Item>
      <uvPos x="0.737000" y="0.700000" />
      <scale x="0.160000" y="0.160000" />
      <rotation value="0.000000" />
      <nameHash>mpHeist3_Tee_010_M</nameHash>
      <txdHash>MP_Heist3_Tee_010</txdHash>
      <txtHash>MP_Heist3_Tee_010</txtHash>
      <zone>ZONE_TORSO</zone>
      <type>TYPE_BADGE</type>
      <faction>FM</faction>
      <garment>All</garment>
      <gender>GENDER_MALE</gender>
      <award />
      <awardLevel />
    </Item>
	<Item>
      <uvPos x="0.740000" y="0.690000" />
      <scale x="0.140000" y="0.130000" />
      <rotation value="0.000000" />
      <nameHash>mpHeist3_Tee_010_F</nameHash>
      <txdHash>MP_Heist3_Tee_010</txdHash>
      <txtHash>MP_Heist3_Tee_010</txtHash>
      <zone>ZONE_TORSO</zone>
      <type>TYPE_BADGE</type>
      <faction>FM</faction>
      <garment>All</garment>
      <gender>GENDER_FEMALE</gender>
      <award />
      <awardLevel />
    </Item>
	<Item>
      <uvPos x="0.737000" y="0.700000" />
      <scale x="0.160000" y="0.160000" />
      <rotation value="0.000000" />
      <nameHash>mpHeist3_Tee_011_M</nameHash>
      <txdHash>MP_Heist3_Tee_011</txdHash>
      <txtHash>MP_Heist3_Tee_011</txtHash>
      <zone>ZONE_TORSO</zone>
      <type>TYPE_BADGE</type>
      <faction>FM</faction>
      <garment>All</garment>
      <gender>GENDER_MALE</gender>
      <award />
      <awardLevel />
    </Item>
	<Item>
      <uvPos x="0.740000" y="0.710000" />
      <scale x="0.150000" y="0.140000" />
      <rotation value="0.000000" />
      <nameHash>mpHeist3_Tee_011_F</nameHash>
      <txdHash>MP_Heist3_Tee_011</txdHash>
      <txtHash>MP_Heist3_Tee_011</txtHash>
      <zone>ZONE_TORSO</zone>
      <type>TYPE_BADGE</type>
      <faction>FM</faction>
      <garment>All</garment>
      <gender>GENDER_FEMALE</gender>
      <award />
      <awardLevel />
    </Item>
	<Item>
      <uvPos x="0.737000" y="0.700000" />
      <scale x="0.140000" y="0.140000" />
      <rotation value="0.000000" />
      <nameHash>mpHeist3_Tee_012_M</nameHash>
      <txdHash>MP_Heist3_Tee_012</txdHash>
      <txtHash>MP_Heist3_Tee_012</txtHash>
      <zone>ZONE_TORSO</zone>
      <type>TYPE_BADGE</type>
      <faction>FM</faction>
      <garment>All</garment>
      <gender>GENDER_MALE</gender>
      <award />
      <awardLevel />
    </Item>
	<Item>
      <uvPos x="0.740000" y="0.690000" />
      <scale x="0.130000" y="0.120000" />
      <rotation value="0.000000" />
      <nameHash>mpHeist3_Tee_012_F</nameHash>
      <txdHash>MP_Heist3_Tee_012</txdHash>
      <txtHash>MP_Heist3_Tee_012</txtHash>
      <zone>ZONE_TORSO</zone>
      <type>TYPE_BADGE</type>
      <faction>FM</faction>
      <garment>All</garment>
      <gender>GENDER_FEMALE</gender>
      <award />
      <awardLevel />
    </Item>
	<Item>
      <uvPos x="0.737000" y="0.680000" />
      <scale x="0.140000" y="0.140000" />
      <rotation value="0.000000" />
      <nameHash>mpHeist3_Tee_013_M</nameHash>
      <txdHash>MP_Heist3_Tee_013</txdHash>
      <txtHash>MP_Heist3_Tee_013</txtHash>
      <zone>ZONE_TORSO</zone>
      <type>TYPE_BADGE</type>
      <faction>FM</faction>
      <garment>All</garment>
      <gender>GENDER_MALE</gender>
      <award />
      <awardLevel />
    </Item>
	<Item>
      <uvPos x="0.723000" y="0.665000" />
      <scale x="0.130000" y="0.130000" />
      <rotation value="0.000000" />
      <nameHash>mpHeist3_Tee_013_F</nameHash>
      <txdHash>MP_Heist3_Tee_013</txdHash>
      <txtHash>MP_Heist3_Tee_013</txtHash>
      <zone>ZONE_TORSO</zone>
      <type>TYPE_BADGE</type>
      <faction>FM</faction>
      <garment>All</garment>
      <gender>GENDER_FEMALE</gender>
      <award />
      <awardLevel />
    </Item>
	<Item>
      <uvPos x="0.737000" y="0.680000" />
      <scale x="0.140000" y="0.140000" />
      <rotation value="0.000000" />
      <nameHash>mpHeist3_Tee_014_M</nameHash>
      <txdHash>MP_Heist3_Tee_014</txdHash>
      <txtHash>MP_Heist3_Tee_014</txtHash>
      <zone>ZONE_TORSO</zone>
      <type>TYPE_BADGE</type>
      <faction>FM</faction>
      <garment>All</garment>
      <gender>GENDER_MALE</gender>
      <award />
      <awardLevel />
    </Item>
	<Item>
      <uvPos x="0.723000" y="0.665000" />
      <scale x="0.130000" y="0.130000" />
      <rotation value="0.000000" />
      <nameHash>mpHeist3_Tee_014_F</nameHash>
      <txdHash>MP_Heist3_Tee_014</txdHash>
      <txtHash>MP_Heist3_Tee_014</txtHash>
      <zone>ZONE_TORSO</zone>
      <type>TYPE_BADGE</type>
      <faction>FM</faction>
      <garment>All</garment>
      <gender>GENDER_FEMALE</gender>
      <award />
      <awardLevel />
    </Item>
	<Item>
      <uvPos x="0.737000" y="0.680000" />
      <scale x="0.140000" y="0.140000" />
      <rotation value="0.000000" />
      <nameHash>mpHeist3_Tee_015_M</nameHash>
      <txdHash>MP_Heist3_Tee_015</txdHash>
      <txtHash>MP_Heist3_Tee_015</txtHash>
      <zone>ZONE_TORSO</zone>
      <type>TYPE_BADGE</type>
      <faction>FM</faction>
      <garment>All</garment>
      <gender>GENDER_MALE</gender>
      <award />
      <awardLevel />
    </Item>
	<Item>
      <uvPos x="0.723000" y="0.665000" />
      <scale x="0.130000" y="0.130000" />
      <rotation value="0.000000" />
      <nameHash>mpHeist3_Tee_015_F</nameHash>
      <txdHash>MP_Heist3_Tee_015</txdHash>
      <txtHash>MP_Heist3_Tee_015</txtHash>
      <zone>ZONE_TORSO</zone>
      <type>TYPE_BADGE</type>
      <faction>FM</faction>
      <garment>All</garment>
      <gender>GENDER_FEMALE</gender>
      <award />
      <awardLevel />
    </Item>
	<Item>
      <uvPos x="0.737000" y="0.680000" />
      <scale x="0.140000" y="0.140000" />
      <rotation value="0.000000" />
      <nameHash>mpHeist3_Tee_016_M</nameHash>
      <txdHash>MP_Heist3_Tee_016</txdHash>
      <txtHash>MP_Heist3_Tee_016</txtHash>
      <zone>ZONE_TORSO</zone>
      <type>TYPE_BADGE</type>
      <faction>FM</faction>
      <garment>All</garment>
      <gender>GENDER_MALE</gender>
      <award />
      <awardLevel />
    </Item>
	<Item>
      <uvPos x="0.723000" y="0.665000" />
      <scale x="0.130000" y="0.130000" />
      <rotation value="0.000000" />
      <nameHash>mpHeist3_Tee_016_F</nameHash>
      <txdHash>MP_Heist3_Tee_016</txdHash>
      <txtHash>MP_Heist3_Tee_016</txtHash>
      <zone>ZONE_TORSO</zone>
      <type>TYPE_BADGE</type>
      <faction>FM</faction>
      <garment>All</garment>
      <gender>GENDER_FEMALE</gender>
      <award />
      <awardLevel />
    </Item>
	<Item>
      <uvPos x="0.737000" y="0.680000" />
      <scale x="0.140000" y="0.140000" />
      <rotation value="0.000000" />
      <nameHash>mpHeist3_Tee_017_M</nameHash>
      <txdHash>MP_Heist3_Tee_017</txdHash>
      <txtHash>MP_Heist3_Tee_017</txtHash>
      <zone>ZONE_TORSO</zone>
      <type>TYPE_BADGE</type>
      <faction>FM</faction>
      <garment>All</garment>
      <gender>GENDER_MALE</gender>
      <award />
      <awardLevel />
    </Item>
	<Item>
      <uvPos x="0.723000" y="0.665000" />
      <scale x="0.125000" y="0.125000" />
      <rotation value="0.000000" />
      <nameHash>mpHeist3_Tee_017_F</nameHash>
      <txdHash>MP_Heist3_Tee_017</txdHash>
      <txtHash>MP_Heist3_Tee_017</txtHash>
      <zone>ZONE_TORSO</zone>
      <type>TYPE_BADGE</type>
      <faction>FM</faction>
      <garment>All</garment>
      <gender>GENDER_FEMALE</gender>
      <award />
      <awardLevel />
    </Item>
	<Item>
      <uvPos x="0.737000" y="0.680000" />
      <scale x="0.140000" y="0.140000" />
      <rotation value="0.000000" />
      <nameHash>mpHeist3_Tee_018_M</nameHash>
      <txdHash>MP_Heist3_Tee_018</txdHash>
      <txtHash>MP_Heist3_Tee_018</txtHash>
      <zone>ZONE_TORSO</zone>
      <type>TYPE_BADGE</type>
      <faction>FM</faction>
      <garment>All</garment>
      <gender>GENDER_MALE</gender>
      <award />
      <awardLevel />
    </Item>
	<Item>
      <uvPos x="0.723000" y="0.665000" />
      <scale x="0.125000" y="0.125000" />
      <rotation value="0.000000" />
      <nameHash>mpHeist3_Tee_018_F</nameHash>
      <txdHash>MP_Heist3_Tee_018</txdHash>
      <txtHash>MP_Heist3_Tee_018</txtHash>
      <zone>ZONE_TORSO</zone>
      <type>TYPE_BADGE</type>
      <faction>FM</faction>
      <garment>All</garment>
      <gender>GENDER_FEMALE</gender>
      <award />
      <awardLevel />
    </Item>
	<Item>
      <uvPos x="0.737000" y="0.680000" />
      <scale x="0.140000" y="0.140000" />
      <rotation value="0.000000" />
      <nameHash>mpHeist3_Tee_019_M</nameHash>
      <txdHash>MP_Heist3_Tee_019</txdHash>
      <txtHash>MP_Heist3_Tee_019</txtHash>
      <zone>ZONE_TORSO</zone>
      <type>TYPE_BADGE</type>
      <faction>FM</faction>
      <garment>All</garment>
      <gender>GENDER_MALE</gender>
      <award />
      <awardLevel />
    </Item>
	<Item>
      <uvPos x="0.723000" y="0.665000" />
      <scale x="0.125000" y="0.125000" />
      <rotation value="0.000000" />
      <nameHash>mpHeist3_Tee_019_F</nameHash>
      <txdHash>MP_Heist3_Tee_019</txdHash>
      <txtHash>MP_Heist3_Tee_019</txtHash>
      <zone>ZONE_TORSO</zone>
      <type>TYPE_BADGE</type>
      <faction>FM</faction>
      <garment>All</garment>
      <gender>GENDER_FEMALE</gender>
      <award />
      <awardLevel />
    </Item>
	<Item>
      <uvPos x="0.737000" y="0.680000" />
      <scale x="0.140000" y="0.140000" />
      <rotation value="0.000000" />
      <nameHash>mpHeist3_Tee_020_M</nameHash>
      <txdHash>MP_Heist3_Tee_020</txdHash>
      <txtHash>MP_Heist3_Tee_020</txtHash>
      <zone>ZONE_TORSO</zone>
      <type>TYPE_BADGE</type>
      <faction>FM</faction>
      <garment>All</garment>
      <gender>GENDER_MALE</gender>
      <award />
      <awardLevel />
    </Item>
	<Item>
      <uvPos x="0.723000" y="0.665000" />
      <scale x="0.125000" y="0.125000" />
      <rotation value="0.000000" />
      <nameHash>mpHeist3_Tee_020_F</nameHash>
      <txdHash>MP_Heist3_Tee_020</txdHash>
      <txtHash>MP_Heist3_Tee_020</txtHash>
      <zone>ZONE_TORSO</zone>
      <type>TYPE_BADGE</type>
      <faction>FM</faction>
      <garment>All</garment>
      <gender>GENDER_FEMALE</gender>
      <award />
      <awardLevel />
    </Item>
	<Item>
      <uvPos x="0.737000" y="0.680000" />
      <scale x="0.140000" y="0.140000" />
      <rotation value="0.000000" />
      <nameHash>mpHeist3_Tee_021_M</nameHash>
      <txdHash>MP_Heist3_Tee_021</txdHash>
      <txtHash>MP_Heist3_Tee_021</txtHash>
      <zone>ZONE_TORSO</zone>
      <type>TYPE_BADGE</type>
      <faction>FM</faction>
      <garment>All</garment>
      <gender>GENDER_MALE</gender>
      <award />
      <awardLevel />
    </Item>
	<Item>
      <uvPos x="0.723000" y="0.665000" />
      <scale x="0.125000" y="0.125000" />
      <rotation value="0.000000" />
      <nameHash>mpHeist3_Tee_021_F</nameHash>
      <txdHash>MP_Heist3_Tee_021</txdHash>
      <txtHash>MP_Heist3_Tee_021</txtHash>
      <zone>ZONE_TORSO</zone>
      <type>TYPE_BADGE</type>
      <faction>FM</faction>
      <garment>All</garment>
      <gender>GENDER_FEMALE</gender>
      <award />
      <awardLevel />
    </Item>
	<Item>
      <uvPos x="0.737000" y="0.680000" />
      <scale x="0.200000" y="0.200000" />
      <rotation value="0.000000" />
      <nameHash>mpHeist3_Tee_022_M</nameHash>
      <txdHash>MP_Heist3_Tee_022</txdHash>
      <txtHash>MP_Heist3_Tee_022</txtHash>
      <zone>ZONE_TORSO</zone>
      <type>TYPE_BADGE</type>
      <faction>FM</faction>
      <garment>All</garment>
      <gender>GENDER_MALE</gender>
      <award />
      <awardLevel />
    </Item>
	<Item>
      <uvPos x="0.723000" y="0.665000" />
      <scale x="0.200000" y="0.200000" />
      <rotation value="0.000000" />
      <nameHash>mpHeist3_Tee_022_F</nameHash>
      <txdHash>MP_Heist3_Tee_022</txdHash>
      <txtHash>MP_Heist3_Tee_022</txtHash>
      <zone>ZONE_TORSO</zone>
      <type>TYPE_BADGE</type>
      <faction>FM</faction>
      <garment>All</garment>
      <gender>GENDER_FEMALE</gender>
      <award />
      <awardLevel />
    </Item>
	<Item>
      <uvPos x="0.737000" y="0.630000" />
      <scale x="0.220000" y="0.220000" />
      <rotation value="0.000000" />
      <nameHash>mpHeist3_Tee_023_M</nameHash>
      <txdHash>MP_Heist3_Tee_023</txdHash>
      <txtHash>MP_Heist3_Tee_023</txtHash>
      <zone>ZONE_TORSO</zone>
      <type>TYPE_BADGE</type>
      <faction>FM</faction>
      <garment>All</garment>
      <gender>GENDER_MALE</gender>
      <award />
      <awardLevel />
    </Item>
	<Item>
      <uvPos x="0.723000" y="0.625000" />
      <scale x="0.220000" y="0.180000" />
      <rotation value="0.000000" />
      <nameHash>mpHeist3_Tee_023_F</nameHash>
      <txdHash>MP_Heist3_Tee_023</txdHash>
      <txtHash>MP_Heist3_Tee_023</txtHash>
      <zone>ZONE_TORSO</zone>
      <type>TYPE_BADGE</type>
      <faction>FM</faction>
      <garment>All</garment>
      <gender>GENDER_FEMALE</gender>
      <award />
      <awardLevel />
    </Item>
	<Item>
      <uvPos x="0.498000" y="0.720000" />
      <scale x="0.100000" y="0.100000" />
      <rotation value="0.000000" />
      <nameHash>mpHeist3_Tat_000_M</nameHash>
      <txdHash>MP_Heist3_Tat_000</txdHash>
      <txtHash>MP_Heist3_Tat_000</txtHash>
      <zone>ZONE_HEAD</zone>
      <type>TYPE_TATTOO</type>
      <faction>FM</faction>
      <garment>All</garment>
      <gender>GENDER_MALE</gender>
      <award />
      <awardLevel />
    </Item>
	<Item>
      <uvPos x="0.498000" y="0.720000" />
      <scale x="0.100000" y="0.100000" />
      <rotation value="0.000000" />
      <nameHash>mpHeist3_Tat_000_F</nameHash>
      <txdHash>MP_Heist3_Tat_000</txdHash>
      <txtHash>MP_Heist3_Tat_000</txtHash>
      <zone>ZONE_HEAD</zone>
      <type>TYPE_TATTOO</type>
      <faction>FM</faction>
      <garment>All</garment>
      <gender>GENDER_FEMALE</gender>
      <award />
      <awardLevel />
    </Item>
	<Item>
      <uvPos x="0.760000" y="0.630000" />
      <scale x="0.050000" y="0.050000" />
      <rotation value="0.000000" />
      <nameHash>mpHeist3_Tat_001_M</nameHash>
      <txdHash>MP_Heist3_Tat_001</txdHash>
      <txtHash>MP_Heist3_Tat_001</txtHash>
      <zone>ZONE_HEAD</zone>
      <type>TYPE_TATTOO</type>
      <faction>FM</faction>
      <garment>All</garment>
      <gender>GENDER_MALE</gender>
      <award />
      <awardLevel />
    </Item>
	<Item>
      <uvPos x="0.760000" y="0.630000" />
      <scale x="0.050000" y="0.050000" />
      <rotation value="0.000000" />
      <nameHash>mpHeist3_Tat_001_F</nameHash>
      <txdHash>MP_Heist3_Tat_001</txdHash>
      <txtHash>MP_Heist3_Tat_001</txtHash>
      <zone>ZONE_HEAD</zone>
      <type>TYPE_TATTOO</type>
      <faction>FM</faction>
      <garment>All</garment>
      <gender>GENDER_FEMALE</gender>
      <award />
      <awardLevel />
    </Item>
	<Item>
      <uvPos x="0.500000" y="0.250000" />
      <scale x="0.230000" y="0.230000" />
      <rotation value="0.000000" />
      <nameHash>mpHeist3_Tat_002_M</nameHash>
      <txdHash>MP_Heist3_Tat_002</txdHash>
      <txtHash>MP_Heist3_Tat_002</txtHash>
      <zone>ZONE_HEAD</zone>
      <type>TYPE_TATTOO</type>
      <faction>FM</faction>
      <garment>All</garment>
      <gender>GENDER_MALE</gender>
      <award />
      <awardLevel />
    </Item>
	<Item>
      <uvPos x="0.500000" y="0.250000" />
      <scale x="0.230000" y="0.230000" />
      <rotation value="0.000000" />
      <nameHash>mpHeist3_Tat_002_F</nameHash>
      <txdHash>MP_Heist3_Tat_002</txdHash>
      <txtHash>MP_Heist3_Tat_002</txtHash>
      <zone>ZONE_HEAD</zone>
      <type>TYPE_TATTOO</type>
      <faction>FM</faction>
      <garment>All</garment>
      <gender>GENDER_FEMALE</gender>
      <award />
      <awardLevel />
    </Item>
	<Item>
      <uvPos x="0.500000" y="0.750000" />
      <scale x="0.120000" y="0.120000" />
      <rotation value="0.000000" />
      <nameHash>mpHeist3_Tat_003_M</nameHash>
      <txdHash>MP_Heist3_Tat_003</txdHash>
      <txtHash>MP_Heist3_Tat_003</txtHash>
      <zone>ZONE_HEAD</zone>
      <type>TYPE_TATTOO</type>
      <faction>FM</faction>
      <garment>All</garment>
      <gender>GENDER_MALE</gender>
      <award />
      <awardLevel />
    </Item>
	<Item>
      <uvPos x="0.500000" y="0.750000" />
      <scale x="0.120000" y="0.120000" />
      <rotation value="0.000000" />
      <nameHash>mpHeist3_Tat_003_F</nameHash>
      <txdHash>MP_Heist3_Tat_003</txdHash>
      <txtHash>MP_Heist3_Tat_003</txtHash>
      <zone>ZONE_HEAD</zone>
      <type>TYPE_TATTOO</type>
      <faction>FM</faction>
      <garment>All</garment>
      <gender>GENDER_FEMALE</gender>
      <award />
      <awardLevel />
    </Item>
	<Item>
      <uvPos x="0.410000" y="0.725000" />
      <scale x="0.080000" y="0.080000" />
      <rotation value="21.960000" />
      <nameHash>mpHeist3_Tat_004_M</nameHash>
      <txdHash>MP_Heist3_Tat_004</txdHash>
      <txtHash>MP_Heist3_Tat_004</txtHash>
      <zone>ZONE_HEAD</zone>
      <type>TYPE_TATTOO</type>
      <faction>FM</faction>
      <garment>All</garment>
      <gender>GENDER_MALE</gender>
      <award />
      <awardLevel />
    </Item>
	<Item>
      <uvPos x="0.410000" y="0.725000" />
      <scale x="0.080000" y="0.080000" />
      <rotation value="21.960000" />
      <nameHash>mpHeist3_Tat_004_F</nameHash>
      <txdHash>MP_Heist3_Tat_004</txdHash>
      <txtHash>MP_Heist3_Tat_004</txtHash>
      <zone>ZONE_HEAD</zone>
      <type>TYPE_TATTOO</type>
      <faction>FM</faction>
      <garment>All</garment>
      <gender>GENDER_FEMALE</gender>
      <award />
      <awardLevel />
    </Item>
	<Item>
      <uvPos x="0.640000" y="0.590000" />
      <scale x="0.030000" y="0.030000" />
      <rotation value="0.000000" />
      <nameHash>mpHeist3_Tat_005_M</nameHash>
      <txdHash>MP_Heist3_Tat_005</txdHash>
      <txtHash>MP_Heist3_Tat_005</txtHash>
      <zone>ZONE_HEAD</zone>
      <type>TYPE_TATTOO</type>
      <faction>FM</faction>
      <garment>All</garment>
      <gender>GENDER_MALE</gender>
      <award />
      <awardLevel />
    </Item>
	<Item>
      <uvPos x="0.640000" y="0.590000" />
      <scale x="0.030000" y="0.030000" />
      <rotation value="0.000000" />
      <nameHash>mpHeist3_Tat_005_F</nameHash>
      <txdHash>MP_Heist3_Tat_005</txdHash>
      <txtHash>MP_Heist3_Tat_005</txtHash>
      <zone>ZONE_HEAD</zone>
      <type>TYPE_TATTOO</type>
      <faction>FM</faction>
      <garment>All</garment>
      <gender>GENDER_FEMALE</gender>
      <award />
      <awardLevel />
    </Item>
	<Item>
      <uvPos x="0.640000" y="0.720000" />
      <scale x="0.050000" y="0.050000" />
      <rotation value="-15.480000" />
      <nameHash>mpHeist3_Tat_006_M</nameHash>
      <txdHash>MP_Heist3_Tat_006</txdHash>
      <txtHash>MP_Heist3_Tat_006</txtHash>
      <zone>ZONE_HEAD</zone>
      <type>TYPE_TATTOO</type>
      <faction>FM</faction>
      <garment>All</garment>
      <gender>GENDER_MALE</gender>
      <award />
      <awardLevel />
    </Item>
	<Item>
      <uvPos x="0.640000" y="0.720000" />
      <scale x="0.050000" y="0.050000" />
      <rotation value="-15.480000" />
      <nameHash>mpHeist3_Tat_006_F</nameHash>
      <txdHash>MP_Heist3_Tat_006</txdHash>
      <txtHash>MP_Heist3_Tat_006</txtHash>
      <zone>ZONE_HEAD</zone>
      <type>TYPE_TATTOO</type>
      <faction>FM</faction>
      <garment>All</garment>
      <gender>GENDER_FEMALE</gender>
      <award />
      <awardLevel />
    </Item>
	<Item>
      <uvPos x="0.497000" y="0.750000" />
      <scale x="0.170000" y="0.170000" />
      <rotation value="0.000000" />
      <nameHash>mpHeist3_Tat_007_M</nameHash>
      <txdHash>MP_Heist3_Tat_007</txdHash>
      <txtHash>MP_Heist3_Tat_007</txtHash>
      <zone>ZONE_HEAD</zone>
      <type>TYPE_TATTOO</type>
      <faction>FM</faction>
      <garment>All</garment>
      <gender>GENDER_MALE</gender>
      <award />
      <awardLevel />
    </Item>
	<Item>
      <uvPos x="0.497000" y="0.750000" />
      <scale x="0.170000" y="0.170000" />
      <rotation value="0.000000" />
      <nameHash>mpHeist3_Tat_007_F</nameHash>
      <txdHash>MP_Heist3_Tat_007</txdHash>
      <txtHash>MP_Heist3_Tat_007</txtHash>
      <zone>ZONE_HEAD</zone>
      <type>TYPE_TATTOO</type>
      <faction>FM</faction>
      <garment>All</garment>
      <gender>GENDER_FEMALE</gender>
      <award />
      <awardLevel />
    </Item>
	<Item>
      <uvPos x="0.754000" y="0.320000" />
      <scale x="0.130000" y="0.160000" />
      <rotation value="-50.040000" />
      <nameHash>mpHeist3_Tat_008_M</nameHash>
      <txdHash>MP_Heist3_Tat_008</txdHash>
      <txtHash>MP_Heist3_Tat_008</txtHash>
      <zone>ZONE_HEAD</zone>
      <type>TYPE_TATTOO</type>
      <faction>FM</faction>
      <garment>All</garment>
      <gender>GENDER_MALE</gender>
      <award />
      <awardLevel />
    </Item>
	<Item>
      <uvPos x="0.754000" y="0.320000" />
      <scale x="0.130000" y="0.160000" />
      <rotation value="-50.040000" />
      <nameHash>mpHeist3_Tat_008_F</nameHash>
      <txdHash>MP_Heist3_Tat_008</txdHash>
      <txtHash>MP_Heist3_Tat_008</txtHash>
      <zone>ZONE_HEAD</zone>
      <type>TYPE_TATTOO</type>
      <faction>FM</faction>
      <garment>All</garment>
      <gender>GENDER_FEMALE</gender>
      <award />
      <awardLevel />
    </Item>
	<Item>
      <uvPos x="0.360000" y="0.560000" />
      <scale x="-0.100000" y="0.100000" />
      <rotation value="62.640000" />
      <nameHash>mpHeist3_Tat_009_M</nameHash>
      <txdHash>MP_Heist3_Tat_009</txdHash>
      <txtHash>MP_Heist3_Tat_009</txtHash>
      <zone>ZONE_HEAD</zone>
      <type>TYPE_TATTOO</type>
      <faction>FM</faction>
      <garment>All</garment>
      <gender>GENDER_MALE</gender>
      <award />
      <awardLevel />
    </Item>
	<Item>
      <uvPos x="0.360000" y="0.560000" />
      <scale x="-0.100000" y="0.100000" />
      <rotation value="62.640000" />
      <nameHash>mpHeist3_Tat_009_F</nameHash>
      <txdHash>MP_Heist3_Tat_009</txdHash>
      <txtHash>MP_Heist3_Tat_009</txtHash>
      <zone>ZONE_HEAD</zone>
      <type>TYPE_TATTOO</type>
      <faction>FM</faction>
      <garment>All</garment>
      <gender>GENDER_FEMALE</gender>
      <award />
      <awardLevel />
    </Item>
	<Item>
      <uvPos x="0.350000" y="0.590000" />
      <scale x="0.050000" y="0.030000" />
      <rotation value="0.000000" />
      <nameHash>mpHeist3_Tat_010_M</nameHash>
      <txdHash>MP_Heist3_Tat_010</txdHash>
      <txtHash>MP_Heist3_Tat_010</txtHash>
      <zone>ZONE_HEAD</zone>
      <type>TYPE_TATTOO</type>
      <faction>FM</faction>
      <garment>All</garment>
      <gender>GENDER_MALE</gender>
      <award />
      <awardLevel />
    </Item>
	<Item>
      <uvPos x="0.350000" y="0.590000" />
      <scale x="0.050000" y="0.030000" />
      <rotation value="0.000000" />
      <nameHash>mpHeist3_Tat_010_F</nameHash>
      <txdHash>MP_Heist3_Tat_010</txdHash>
      <txtHash>MP_Heist3_Tat_010</txtHash>
      <zone>ZONE_HEAD</zone>
      <type>TYPE_TATTOO</type>
      <faction>FM</faction>
      <garment>All</garment>
      <gender>GENDER_FEMALE</gender>
      <award />
      <awardLevel />
    </Item>
	<Item>
      <uvPos x="0.350000" y="0.470000" />
      <scale x="0.060000" y="0.060000" />
      <rotation value="-14.040000" />
      <nameHash>mpHeist3_Tat_011_M</nameHash>
      <txdHash>MP_Heist3_Tat_011</txdHash>
      <txtHash>MP_Heist3_Tat_011</txtHash>
      <zone>ZONE_HEAD</zone>
      <type>TYPE_TATTOO</type>
      <faction>FM</faction>
      <garment>All</garment>
      <gender>GENDER_MALE</gender>
      <award />
      <awardLevel />
    </Item>
	<Item>
      <uvPos x="0.350000" y="0.470000" />
      <scale x="0.060000" y="0.060000" />
      <rotation value="-14.040000" />
      <nameHash>mpHeist3_Tat_011_F</nameHash>
      <txdHash>MP_Heist3_Tat_011</txdHash>
      <txtHash>MP_Heist3_Tat_011</txtHash>
      <zone>ZONE_HEAD</zone>
      <type>TYPE_TATTOO</type>
      <faction>FM</faction>
      <garment>All</garment>
      <gender>GENDER_FEMALE</gender>
      <award />
      <awardLevel />
    </Item>
	<Item>
      <uvPos x="0.330000" y="0.550000" />
      <scale x="0.090000" y="0.090000" />
      <rotation value="20.520000" />
      <nameHash>mpHeist3_Tat_012_M</nameHash>
      <txdHash>MP_Heist3_Tat_012</txdHash>
      <txtHash>MP_Heist3_Tat_012</txtHash>
      <zone>ZONE_HEAD</zone>
      <type>TYPE_TATTOO</type>
      <faction>FM</faction>
      <garment>All</garment>
      <gender>GENDER_MALE</gender>
      <award />
      <awardLevel />
    </Item>
	<Item>
      <uvPos x="0.330000" y="0.550000" />
      <scale x="0.090000" y="0.090000" />
      <rotation value="20.520000" />
      <nameHash>mpHeist3_Tat_012_F</nameHash>
      <txdHash>MP_Heist3_Tat_012</txdHash>
      <txtHash>MP_Heist3_Tat_012</txtHash>
      <zone>ZONE_HEAD</zone>
      <type>TYPE_TATTOO</type>
      <faction>FM</faction>
      <garment>All</garment>
      <gender>GENDER_FEMALE</gender>
      <award />
      <awardLevel />
    </Item>
	<Item>
      <uvPos x="0.400000" y="0.740000" />
      <scale x="0.060000" y="0.060000" />
      <rotation value="0.000000" />
      <nameHash>mpHeist3_Tat_013_M</nameHash>
      <txdHash>MP_Heist3_Tat_013</txdHash>
      <txtHash>MP_Heist3_Tat_013</txtHash>
      <zone>ZONE_HEAD</zone>
      <type>TYPE_TATTOO</type>
      <faction>FM</faction>
      <garment>All</garment>
      <gender>GENDER_MALE</gender>
      <award />
      <awardLevel />
    </Item>
	<Item>
      <uvPos x="0.400000" y="0.740000" />
      <scale x="0.060000" y="0.060000" />
      <rotation value="0.000000" />
      <nameHash>mpHeist3_Tat_013_F</nameHash>
      <txdHash>MP_Heist3_Tat_013</txdHash>
      <txtHash>MP_Heist3_Tat_013</txtHash>
      <zone>ZONE_HEAD</zone>
      <type>TYPE_TATTOO</type>
      <faction>FM</faction>
      <garment>All</garment>
      <gender>GENDER_FEMALE</gender>
      <award />
      <awardLevel />
    </Item>
	<Item>
      <uvPos x="0.498000" y="0.250000" />
      <scale x="0.200000" y="0.120000" />
      <rotation value="0.000000" />
      <nameHash>mpHeist3_Tat_014_M</nameHash>
      <txdHash>MP_Heist3_Tat_014</txdHash>
      <txtHash>MP_Heist3_Tat_014</txtHash>
      <zone>ZONE_HEAD</zone>
      <type>TYPE_TATTOO</type>
      <faction>FM</faction>
      <garment>All</garment>
      <gender>GENDER_MALE</gender>
      <award />
      <awardLevel />
    </Item>
	<Item>
      <uvPos x="0.498000" y="0.250000" />
      <scale x="0.200000" y="0.120000" />
      <rotation value="0.000000" />
      <nameHash>mpHeist3_Tat_014_F</nameHash>
      <txdHash>MP_Heist3_Tat_014</txdHash>
      <txtHash>MP_Heist3_Tat_014</txtHash>
      <zone>ZONE_HEAD</zone>
      <type>TYPE_TATTOO</type>
      <faction>FM</faction>
      <garment>All</garment>
      <gender>GENDER_FEMALE</gender>
      <award />
      <awardLevel />
    </Item>
	<Item>
      <uvPos x="0.400000" y="0.720000" />
      <scale x="0.035000" y="0.030000" />
      <rotation value="0.000000" />
      <nameHash>mpHeist3_Tat_015_M</nameHash>
      <txdHash>MP_Heist3_Tat_015</txdHash>
      <txtHash>MP_Heist3_Tat_015</txtHash>
      <zone>ZONE_HEAD</zone>
      <type>TYPE_TATTOO</type>
      <faction>FM</faction>
      <garment>All</garment>
      <gender>GENDER_MALE</gender>
      <award />
      <awardLevel />
    </Item>
	<Item>
      <uvPos x="0.400000" y="0.720000" />
      <scale x="0.035000" y="0.030000" />
      <rotation value="0.000000" />
      <nameHash>mpHeist3_Tat_015_F</nameHash>
      <txdHash>MP_Heist3_Tat_015</txdHash>
      <txtHash>MP_Heist3_Tat_015</txtHash>
      <zone>ZONE_HEAD</zone>
      <type>TYPE_TATTOO</type>
      <faction>FM</faction>
      <garment>All</garment>
      <gender>GENDER_FEMALE</gender>
      <award />
      <awardLevel />
    </Item>
	<Item>
      <uvPos x="0.497000" y="0.720000" />
      <scale x="0.100000" y="0.090000" />
      <rotation value="0.000000" />
      <nameHash>mpHeist3_Tat_016_M</nameHash>
      <txdHash>MP_Heist3_Tat_016</txdHash>
      <txtHash>MP_Heist3_Tat_016</txtHash>
      <zone>ZONE_HEAD</zone>
      <type>TYPE_TATTOO</type>
      <faction>FM</faction>
      <garment>All</garment>
      <gender>GENDER_MALE</gender>
      <award />
      <awardLevel />
    </Item>
	<Item>
      <uvPos x="0.497000" y="0.720000" />
      <scale x="0.100000" y="0.090000" />
      <rotation value="0.000000" />
      <nameHash>mpHeist3_Tat_016_F</nameHash>
      <txdHash>MP_Heist3_Tat_016</txdHash>
      <txtHash>MP_Heist3_Tat_016</txtHash>
      <zone>ZONE_HEAD</zone>
      <type>TYPE_TATTOO</type>
      <faction>FM</faction>
      <garment>All</garment>
      <gender>GENDER_FEMALE</gender>
      <award />
      <awardLevel />
    </Item>
	<Item>
      <uvPos x="0.324000" y="0.290000" />
      <scale x="0.100000" y="0.080000" />
      <rotation value="23.400000" />
      <nameHash>mpHeist3_Tat_017_M</nameHash>
      <txdHash>MP_Heist3_Tat_017</txdHash>
      <txtHash>MP_Heist3_Tat_017</txtHash>
      <zone>ZONE_HEAD</zone>
      <type>TYPE_TATTOO</type>
      <faction>FM</faction>
      <garment>All</garment>
      <gender>GENDER_MALE</gender>
      <award />
      <awardLevel />
    </Item>
	<Item>
      <uvPos x="0.324000" y="0.290000" />
      <scale x="0.100000" y="0.080000" />
      <rotation value="23.400000" />
      <nameHash>mpHeist3_Tat_017_F</nameHash>
      <txdHash>MP_Heist3_Tat_017</txdHash>
      <txtHash>MP_Heist3_Tat_017</txtHash>
      <zone>ZONE_HEAD</zone>
      <type>TYPE_TATTOO</type>
      <faction>FM</faction>
      <garment>All</garment>
      <gender>GENDER_FEMALE</gender>
      <award />
      <awardLevel />
    </Item>
	<Item>
      <uvPos x="0.498000" y="0.485000" />
      <scale x="0.090000" y="0.070000" />
      <rotation value="0.000000" />
      <nameHash>mpHeist3_Tat_018_M</nameHash>
      <txdHash>MP_Heist3_Tat_018</txdHash>
      <txtHash>MP_Heist3_Tat_018</txtHash>
      <zone>ZONE_HEAD</zone>
      <type>TYPE_TATTOO</type>
      <faction>FM</faction>
      <garment>All</garment>
      <gender>GENDER_MALE</gender>
      <award />
      <awardLevel />
    </Item>
	<Item>
      <uvPos x="0.498000" y="0.485000" />
      <scale x="0.090000" y="0.070000" />
      <rotation value="0.000000" />
      <nameHash>mpHeist3_Tat_018_F</nameHash>
      <txdHash>MP_Heist3_Tat_018</txdHash>
      <txtHash>MP_Heist3_Tat_018</txtHash>
      <zone>ZONE_HEAD</zone>
      <type>TYPE_TATTOO</type>
      <faction>FM</faction>
      <garment>All</garment>
      <gender>GENDER_FEMALE</gender>
      <award />
      <awardLevel />
    </Item>
	<Item>
      <uvPos x="0.744000" y="0.330000" />
      <scale x="0.100000" y="0.090000" />
      <rotation value="21.960000" />
      <nameHash>mpHeist3_Tat_019_M</nameHash>
      <txdHash>MP_Heist3_Tat_019</txdHash>
      <txtHash>MP_Heist3_Tat_019</txtHash>
      <zone>ZONE_HEAD</zone>
      <type>TYPE_TATTOO</type>
      <faction>FM</faction>
      <garment>All</garment>
      <gender>GENDER_MALE</gender>
      <award />
      <awardLevel />
    </Item>
	<Item>
      <uvPos x="0.744000" y="0.330000" />
      <scale x="0.100000" y="0.090000" />
      <rotation value="21.960000" />
      <nameHash>mpHeist3_Tat_019_F</nameHash>
      <txdHash>MP_Heist3_Tat_019</txdHash>
      <txtHash>MP_Heist3_Tat_019</txtHash>
      <zone>ZONE_HEAD</zone>
      <type>TYPE_TATTOO</type>
      <faction>FM</faction>
      <garment>All</garment>
      <gender>GENDER_FEMALE</gender>
      <award />
      <awardLevel />
    </Item>
	<Item>
      <uvPos x="0.690000" y="0.550000" />
      <scale x="0.080000" y="0.080000" />
      <rotation value="28.080000" />
      <nameHash>mpHeist3_Tat_020_M</nameHash>
      <txdHash>MP_Heist3_Tat_020</txdHash>
      <txtHash>MP_Heist3_Tat_020</txtHash>
      <zone>ZONE_HEAD</zone>
      <type>TYPE_TATTOO</type>
      <faction>FM</faction>
      <garment>All</garment>
      <gender>GENDER_MALE</gender>
      <award />
      <awardLevel />
    </Item>
	<Item>
      <uvPos x="0.690000" y="0.550000" />
      <scale x="0.080000" y="0.080000" />
      <rotation value="28.080000" />
      <nameHash>mpHeist3_Tat_020_F</nameHash>
      <txdHash>MP_Heist3_Tat_020</txdHash>
      <txtHash>MP_Heist3_Tat_020</txtHash>
      <zone>ZONE_HEAD</zone>
      <type>TYPE_TATTOO</type>
      <faction>FM</faction>
      <garment>All</garment>
      <gender>GENDER_FEMALE</gender>
      <award />
      <awardLevel />
    </Item>
	<Item>
      <uvPos x="0.400000" y="0.700000" />
      <scale x="0.080000" y="0.080000" />
      <rotation value="0.000000" />
      <nameHash>mpHeist3_Tat_021_M</nameHash>
      <txdHash>MP_Heist3_Tat_021</txdHash>
      <txtHash>MP_Heist3_Tat_021</txtHash>
      <zone>ZONE_HEAD</zone>
      <type>TYPE_TATTOO</type>
      <faction>FM</faction>
      <garment>All</garment>
      <gender>GENDER_MALE</gender>
      <award />
      <awardLevel />
    </Item>
	<Item>
      <uvPos x="0.400000" y="0.700000" />
      <scale x="0.080000" y="0.080000" />
      <rotation value="0.000000" />
      <nameHash>mpHeist3_Tat_021_F</nameHash>
      <txdHash>MP_Heist3_Tat_021</txdHash>
      <txtHash>MP_Heist3_Tat_021</txtHash>
      <zone>ZONE_HEAD</zone>
      <type>TYPE_TATTOO</type>
      <faction>FM</faction>
      <garment>All</garment>
      <gender>GENDER_FEMALE</gender>
      <award />
      <awardLevel />
    </Item>
	<Item>
      <uvPos x="0.499000" y="0.730000" />
      <scale x="0.050000" y="0.050000" />
      <rotation value="0.000000" />
      <nameHash>mpHeist3_Tat_022_M</nameHash>
      <txdHash>MP_Heist3_Tat_022</txdHash>
      <txtHash>MP_Heist3_Tat_022</txtHash>
      <zone>ZONE_HEAD</zone>
      <type>TYPE_TATTOO</type>
      <faction>FM</faction>
      <garment>All</garment>
      <gender>GENDER_MALE</gender>
      <award />
      <awardLevel />
    </Item>
	<Item>
      <uvPos x="0.499000" y="0.730000" />
      <scale x="0.050000" y="0.050000" />
      <rotation value="0.000000" />
      <nameHash>mpHeist3_Tat_022_F</nameHash>
      <txdHash>MP_Heist3_Tat_022</txdHash>
      <txtHash>MP_Heist3_Tat_022</txtHash>
      <zone>ZONE_HEAD</zone>
      <type>TYPE_TATTOO</type>
      <faction>FM</faction>
      <garment>All</garment>
      <gender>GENDER_FEMALE</gender>
      <award />
      <awardLevel />
    </Item>
	<Item>
      <uvPos x="0.224000" y="0.510000" />
      <scale x="0.300000" y="0.300000" />
      <rotation value="0.000000" />
      <nameHash>mpHeist3_Tat_023_M</nameHash>
      <txdHash>MP_Heist3_Tat_023</txdHash>
      <txtHash>MP_Heist3_Tat_023</txtHash>
      <zone>ZONE_TORSO</zone>
      <type>TYPE_TATTOO</type>
      <faction>FM</faction>
      <garment>All</garment>
      <gender>GENDER_MALE</gender>
      <award />
      <awardLevel />
    </Item>
	<Item>
      <uvPos x="0.224000" y="0.580000" />
      <scale x="0.300000" y="0.250000" />
      <rotation value="0.000000" />
      <nameHash>mpHeist3_Tat_023_F</nameHash>
      <txdHash>MP_Heist3_Tat_023</txdHash>
      <txtHash>MP_Heist3_Tat_023</txtHash>
      <zone>ZONE_TORSO</zone>
      <type>TYPE_TATTOO</type>
      <faction>FM</faction>
      <garment>All</garment>
      <gender>GENDER_FEMALE</gender>
      <award />
      <awardLevel />
    </Item>
	<Item>
      <uvPos x="0.224000" y="0.620000" />
      <scale x="0.200000" y="0.200000" />
      <rotation value="0.000000" />
      <nameHash>mpHeist3_Tat_024_M</nameHash>
      <txdHash>MP_Heist3_Tat_024</txdHash>
      <txtHash>MP_Heist3_Tat_024</txtHash>
      <zone>ZONE_TORSO</zone>
      <type>TYPE_TATTOO</type>
      <faction>FM</faction>
      <garment>All</garment>
      <gender>GENDER_MALE</gender>
      <award />
      <awardLevel />
    </Item>
	<Item>
      <uvPos x="0.224000" y="0.680000" />
      <scale x="0.200000" y="0.160000" />
      <rotation value="0.000000" />
      <nameHash>mpHeist3_Tat_024_F</nameHash>
      <txdHash>MP_Heist3_Tat_024</txdHash>
      <txtHash>MP_Heist3_Tat_024</txtHash>
      <zone>ZONE_TORSO</zone>
      <type>TYPE_TATTOO</type>
      <faction>FM</faction>
      <garment>All</garment>
      <gender>GENDER_FEMALE</gender>
      <award />
      <awardLevel />
    </Item>
	<Item>
      <uvPos x="0.724000" y="0.600000" />
      <scale x="0.200000" y="0.200000" />
      <rotation value="0.000000" />
      <nameHash>mpHeist3_Tat_025_M</nameHash>
      <txdHash>MP_Heist3_Tat_025</txdHash>
      <txtHash>MP_Heist3_Tat_025</txtHash>
      <zone>ZONE_TORSO</zone>
      <type>TYPE_TATTOO</type>
      <faction>FM</faction>
      <garment>All</garment>
      <gender>GENDER_MALE</gender>
      <award />
      <awardLevel />
    </Item>
	<Item>
      <uvPos x="0.724000" y="0.620000" />
      <scale x="0.200000" y="0.200000" />
      <rotation value="0.000000" />
      <nameHash>mpHeist3_Tat_025_F</nameHash>
      <txdHash>MP_Heist3_Tat_025</txdHash>
      <txtHash>MP_Heist3_Tat_025</txtHash>
      <zone>ZONE_TORSO</zone>
      <type>TYPE_TATTOO</type>
      <faction>FM</faction>
      <garment>All</garment>
      <gender>GENDER_FEMALE</gender>
      <award />
      <awardLevel />
    </Item>
	<Item>
      <uvPos x="0.724000" y="0.600000" />
      <scale x="0.200000" y="0.200000" />
      <rotation value="0.000000" />
      <nameHash>mpHeist3_Tat_026_M</nameHash>
      <txdHash>MP_Heist3_Tat_026</txdHash>
      <txtHash>MP_Heist3_Tat_026</txtHash>
      <zone>ZONE_TORSO</zone>
      <type>TYPE_TATTOO</type>
      <faction>FM</faction>
      <garment>All</garment>
      <gender>GENDER_MALE</gender>
      <award />
      <awardLevel />
    </Item>
	<Item>
      <uvPos x="0.740000" y="0.640000" />
      <scale x="0.200000" y="0.200000" />
      <rotation value="0.000000" />
      <nameHash>mpHeist3_Tat_026_F</nameHash>
      <txdHash>MP_Heist3_Tat_026</txdHash>
      <txtHash>MP_Heist3_Tat_026</txtHash>
      <zone>ZONE_TORSO</zone>
      <type>TYPE_TATTOO</type>
      <faction>FM</faction>
      <garment>All</garment>
      <gender>GENDER_FEMALE</gender>
      <award />
      <awardLevel />
    </Item>
	<Item>
      <uvPos x="0.224000" y="0.520000" />
      <scale x="0.300000" y="0.300000" />
      <rotation value="0.000000" />
      <nameHash>mpHeist3_Tat_027_M</nameHash>
      <txdHash>MP_Heist3_Tat_027</txdHash>
      <txtHash>MP_Heist3_Tat_027</txtHash>
      <zone>ZONE_TORSO</zone>
      <type>TYPE_TATTOO</type>
      <faction>FM</faction>
      <garment>All</garment>
      <gender>GENDER_MALE</gender>
      <award />
      <awardLevel />
    </Item>
	<Item>
      <uvPos x="0.224000" y="0.560000" />
      <scale x="0.300000" y="0.300000" />
      <rotation value="0.000000" />
      <nameHash>mpHeist3_Tat_027_F</nameHash>
      <txdHash>MP_Heist3_Tat_027</txdHash>
      <txtHash>MP_Heist3_Tat_027</txtHash>
      <zone>ZONE_TORSO</zone>
      <type>TYPE_TATTOO</type>
      <faction>FM</faction>
      <garment>All</garment>
      <gender>GENDER_FEMALE</gender>
      <award />
      <awardLevel />
    </Item>
	<Item>
      <uvPos x="0.224000" y="0.620000" />
      <scale x="0.200000" y="0.200000" />
      <rotation value="0.000000" />
      <nameHash>mpHeist3_Tat_028_M</nameHash>
      <txdHash>MP_Heist3_Tat_028</txdHash>
      <txtHash>MP_Heist3_Tat_028</txtHash>
      <zone>ZONE_TORSO</zone>
      <type>TYPE_TATTOO</type>
      <faction>FM</faction>
      <garment>All</garment>
      <gender>GENDER_MALE</gender>
      <award />
      <awardLevel />
    </Item>
	<Item>
      <uvPos x="0.224000" y="0.670000" />
      <scale x="0.200000" y="0.160000" />
      <rotation value="0.000000" />
      <nameHash>mpHeist3_Tat_028_F</nameHash>
      <txdHash>MP_Heist3_Tat_028</txdHash>
      <txtHash>MP_Heist3_Tat_028</txtHash>
      <zone>ZONE_TORSO</zone>
      <type>TYPE_TATTOO</type>
      <faction>FM</faction>
      <garment>All</garment>
      <gender>GENDER_FEMALE</gender>
      <award />
      <awardLevel />
    </Item>
	<Item>
      <uvPos x="0.710000" y="0.300000" />
      <scale x="0.200000" y="0.200000" />
      <rotation value="0.000000" />
      <nameHash>mpHeist3_Tat_029_M</nameHash>
      <txdHash>MP_Heist3_Tat_029</txdHash>
      <txtHash>MP_Heist3_Tat_029</txtHash>
      <zone>ZONE_TORSO</zone>
      <type>TYPE_TATTOO</type>
      <faction>FM</faction>
      <garment>All</garment>
      <gender>GENDER_MALE</gender>
      <award />
      <awardLevel />
    </Item>
	<Item>
      <uvPos x="0.724000" y="0.380000" />
      <scale x="0.200000" y="0.150000" />
      <rotation value="0.000000" />
      <nameHash>mpHeist3_Tat_029_F</nameHash>
      <txdHash>MP_Heist3_Tat_029</txdHash>
      <txtHash>MP_Heist3_Tat_029</txtHash>
      <zone>ZONE_TORSO</zone>
      <type>TYPE_TATTOO</type>
      <faction>FM</faction>
      <garment>All</garment>
      <gender>GENDER_FEMALE</gender>
      <award />
      <awardLevel />
    </Item>
	<Item>
      <uvPos x="0.224000" y="0.620000" />
      <scale x="0.200000" y="0.200000" />
      <rotation value="0.000000" />
      <nameHash>mpHeist3_Tat_030_M</nameHash>
      <txdHash>MP_Heist3_Tat_030</txdHash>
      <txtHash>MP_Heist3_Tat_030</txtHash>
      <zone>ZONE_TORSO</zone>
      <type>TYPE_TATTOO</type>
      <faction>FM</faction>
      <garment>All</garment>
      <gender>GENDER_MALE</gender>
      <award />
      <awardLevel />
    </Item>
	<Item>
      <uvPos x="0.240000" y="0.660000" />
      <scale x="0.200000" y="0.160000" />
      <rotation value="0.000000" />
      <nameHash>mpHeist3_Tat_030_F</nameHash>
      <txdHash>MP_Heist3_Tat_030</txdHash>
      <txtHash>MP_Heist3_Tat_030</txtHash>
      <zone>ZONE_TORSO</zone>
      <type>TYPE_TATTOO</type>
      <faction>FM</faction>
      <garment>All</garment>
      <gender>GENDER_FEMALE</gender>
      <award />
      <awardLevel />
    </Item>
	<Item>
      <uvPos x="0.524000" y="0.520000" />
      <scale x="0.300000" y="0.300000" />
      <rotation value="-90.000000" />
      <nameHash>mpHeist3_Tat_031_M</nameHash>
      <txdHash>MP_Heist3_Tat_031</txdHash>
      <txtHash>MP_Heist3_Tat_031</txtHash>
      <zone>ZONE_RIGHT_LEG</zone>
      <type>TYPE_TATTOO</type>
      <faction>FM</faction>
      <garment>All</garment>
      <gender>GENDER_MALE</gender>
      <award />
      <awardLevel />
    </Item>
	<Item>
      <uvPos x="0.524000" y="0.560000" />
      <scale x="0.300000" y="0.300000" />
      <rotation value="-90.000000" />
      <nameHash>mpHeist3_Tat_031_F</nameHash>
      <txdHash>MP_Heist3_Tat_031</txdHash>
      <txtHash>MP_Heist3_Tat_031</txtHash>
      <zone>ZONE_RIGHT_LEG</zone>
      <type>TYPE_TATTOO</type>
      <faction>FM</faction>
      <garment>All</garment>
      <gender>GENDER_FEMALE</gender>
      <award />
      <awardLevel />
    </Item>
	<Item>
      <uvPos x="0.524000" y="0.520000" />
      <scale x="0.350000" y="0.350000" />
      <rotation value="-90.000000" />
      <nameHash>mpHeist3_Tat_032_M</nameHash>
      <txdHash>MP_Heist3_Tat_032</txdHash>
      <txtHash>MP_Heist3_Tat_032</txtHash>
      <zone>ZONE_LEFT_LEG</zone>
      <type>TYPE_TATTOO</type>
      <faction>FM</faction>
      <garment>All</garment>
      <gender>GENDER_MALE</gender>
      <award />
      <awardLevel />
    </Item>
	<Item>
      <uvPos x="0.500000" y="0.530000" />
      <scale x="0.350000" y="0.350000" />
      <rotation value="-90.000000" />
      <nameHash>mpHeist3_Tat_032_F</nameHash>
      <txdHash>MP_Heist3_Tat_032</txdHash>
      <txtHash>MP_Heist3_Tat_032</txtHash>
      <zone>ZONE_LEFT_LEG</zone>
      <type>TYPE_TATTOO</type>
      <faction>FM</faction>
      <garment>All</garment>
      <gender>GENDER_FEMALE</gender>
      <award />
      <awardLevel />
    </Item>
	<Item>
      <uvPos x="0.630000" y="0.620000" />
      <scale x="0.100000" y="0.100000" />
      <rotation value="0.000000" />
      <nameHash>mpHeist3_Tat_033_M</nameHash>
      <txdHash>MP_Heist3_Tat_033</txdHash>
      <txtHash>MP_Heist3_Tat_033</txtHash>
      <zone>ZONE_TORSO</zone>
      <type>TYPE_TATTOO</type>
      <faction>FM</faction>
      <garment>All</garment>
      <gender>GENDER_MALE</gender>
      <award />
      <awardLevel />
    </Item>
	<Item>
      <uvPos x="0.650000" y="0.640000" />
      <scale x="0.110000" y="0.080000" />
      <rotation value="0.000000" />
      <nameHash>mpHeist3_Tat_033_F</nameHash>
      <txdHash>MP_Heist3_Tat_033</txdHash>
      <txtHash>MP_Heist3_Tat_033</txtHash>
      <zone>ZONE_TORSO</zone>
      <type>TYPE_TATTOO</type>
      <faction>FM</faction>
      <garment>All</garment>
      <gender>GENDER_FEMALE</gender>
      <award />
      <awardLevel />
    </Item>
	<Item>
      <uvPos x="0.550000" y="0.250000" />
      <scale x="0.050000" y="0.050000" />
      <rotation value="0.000000" />
      <nameHash>mpHeist3_Tat_034_M</nameHash>
      <txdHash>MP_Heist3_Tat_034</txdHash>
      <txtHash>MP_Heist3_Tat_034</txtHash>
      <zone>ZONE_RIGHT_ARM</zone>
      <type>TYPE_TATTOO</type>
      <faction>FM</faction>
      <garment>All</garment>
      <gender>GENDER_MALE</gender>
      <award />
      <awardLevel />
    </Item>
	<Item>
      <uvPos x="0.550000" y="0.210000" />
      <scale x="0.050000" y="0.045000" />
      <rotation value="0.000000" />
      <nameHash>mpHeist3_Tat_034_F</nameHash>
      <txdHash>MP_Heist3_Tat_034</txdHash>
      <txtHash>MP_Heist3_Tat_034</txtHash>
      <zone>ZONE_RIGHT_ARM</zone>
      <type>TYPE_TATTOO</type>
      <faction>FM</faction>
      <garment>All</garment>
      <gender>GENDER_FEMALE</gender>
      <award />
      <awardLevel />
    </Item>
	<Item>
      <uvPos x="0.824000" y="0.610000" />
      <scale x="0.120000" y="0.120000" />
      <rotation value="0.000000" />
      <nameHash>mpHeist3_Tat_035_M</nameHash>
      <txdHash>MP_Heist3_Tat_035</txdHash>
      <txtHash>MP_Heist3_Tat_035</txtHash>
      <zone>ZONE_TORSO</zone>
      <type>TYPE_TATTOO</type>
      <faction>FM</faction>
      <garment>All</garment>
      <gender>GENDER_MALE</gender>
      <award />
      <awardLevel />
    </Item>
	<Item>
      <uvPos x="0.824000" y="0.640000" />
      <scale x="0.110000" y="0.095000" />
      <rotation value="0.000000" />
      <nameHash>mpHeist3_Tat_035_F</nameHash>
      <txdHash>MP_Heist3_Tat_035</txdHash>
      <txtHash>MP_Heist3_Tat_035</txtHash>
      <zone>ZONE_TORSO</zone>
      <type>TYPE_TATTOO</type>
      <faction>FM</faction>
      <garment>All</garment>
      <gender>GENDER_FEMALE</gender>
      <award />
      <awardLevel />
    </Item>
	<Item>
      <uvPos x="0.224000" y="0.610000" />
      <scale x="0.180000" y="0.190000" />
      <rotation value="0.000000" />
      <nameHash>mpHeist3_Tat_036_M</nameHash>
      <txdHash>MP_Heist3_Tat_036</txdHash>
      <txtHash>MP_Heist3_Tat_036</txtHash>
      <zone>ZONE_TORSO</zone>
      <type>TYPE_TATTOO</type>
      <faction>FM</faction>
      <garment>All</garment>
      <gender>GENDER_MALE</gender>
      <award />
      <awardLevel />
    </Item>
	<Item>
      <uvPos x="0.224000" y="0.670000" />
      <scale x="0.180000" y="0.160000" />
      <rotation value="0.000000" />
      <nameHash>mpHeist3_Tat_036_F</nameHash>
      <txdHash>MP_Heist3_Tat_036</txdHash>
      <txtHash>MP_Heist3_Tat_036</txtHash>
      <zone>ZONE_TORSO</zone>
      <type>TYPE_TATTOO</type>
      <faction>FM</faction>
      <garment>All</garment>
      <gender>GENDER_FEMALE</gender>
      <award />
      <awardLevel />
    </Item>
	<Item>
      <uvPos x="0.730000" y="0.300000" />
      <scale x="0.160000" y="0.160000" />
      <rotation value="0.000000" />
      <nameHash>mpHeist3_Tat_037_M</nameHash>
      <txdHash>MP_Heist3_Tat_037</txdHash>
      <txtHash>MP_Heist3_Tat_037</txtHash>
      <zone>ZONE_TORSO</zone>
      <type>TYPE_TATTOO</type>
      <faction>FM</faction>
      <garment>All</garment>
      <gender>GENDER_MALE</gender>
      <award />
      <awardLevel />
    </Item>
	<Item>
      <uvPos x="0.744000" y="0.360000" />
      <scale x="0.160000" y="0.130000" />
      <rotation value="0.000000" />
      <nameHash>mpHeist3_Tat_037_F</nameHash>
      <txdHash>MP_Heist3_Tat_037</txdHash>
      <txtHash>MP_Heist3_Tat_037</txtHash>
      <zone>ZONE_TORSO</zone>
      <type>TYPE_TATTOO</type>
      <faction>FM</faction>
      <garment>All</garment>
      <gender>GENDER_FEMALE</gender>
      <award />
      <awardLevel />
    </Item>
	<Item>
      <uvPos x="0.234000" y="0.500000" />
      <scale x="0.290000" y="0.300000" />
      <rotation value="0.000000" />
      <nameHash>mpHeist3_Tat_038_M</nameHash>
      <txdHash>MP_Heist3_Tat_038</txdHash>
      <txtHash>MP_Heist3_Tat_038</txtHash>
      <zone>ZONE_TORSO</zone>
      <type>TYPE_TATTOO</type>
      <faction>FM</faction>
      <garment>All</garment>
      <gender>GENDER_MALE</gender>
      <award />
      <awardLevel />
    </Item>
	<Item>
      <uvPos x="0.224000" y="0.580000" />
      <scale x="0.300000" y="0.250000" />
      <rotation value="0.000000" />
      <nameHash>mpHeist3_Tat_038_F</nameHash>
      <txdHash>MP_Heist3_Tat_038</txdHash>
      <txtHash>MP_Heist3_Tat_038</txtHash>
      <zone>ZONE_TORSO</zone>
      <type>TYPE_TATTOO</type>
      <faction>FM</faction>
      <garment>All</garment>
      <gender>GENDER_FEMALE</gender>
      <award />
      <awardLevel />
    </Item>
	<Item>
      <uvPos x="0.224000" y="0.620000" />
      <scale x="0.200000" y="0.200000" />
      <rotation value="0.000000" />
      <nameHash>mpHeist3_Tat_039_M</nameHash>
      <txdHash>MP_Heist3_Tat_039</txdHash>
      <txtHash>MP_Heist3_Tat_039</txtHash>
      <zone>ZONE_TORSO</zone>
      <type>TYPE_TATTOO</type>
      <faction>FM</faction>
      <garment>All</garment>
      <gender>GENDER_MALE</gender>
      <award />
      <awardLevel />
    </Item>
	<Item>
      <uvPos x="0.224000" y="0.665000" />
      <scale x="0.200000" y="0.170000" />
      <rotation value="0.000000" />
      <nameHash>mpHeist3_Tat_039_F</nameHash>
      <txdHash>MP_Heist3_Tat_039</txdHash>
      <txtHash>MP_Heist3_Tat_039</txtHash>
      <zone>ZONE_TORSO</zone>
      <type>TYPE_TATTOO</type>
      <faction>FM</faction>
      <garment>All</garment>
      <gender>GENDER_FEMALE</gender>
      <award />
      <awardLevel />
    </Item>
	<Item>
      <uvPos x="0.470000" y="0.820000" />
      <scale x="0.100000" y="0.100000" />
      <rotation value="0.000000" />
      <nameHash>mpHeist3_Tat_040_M</nameHash>
      <txdHash>MP_Heist3_Tat_040</txdHash>
      <txtHash>MP_Heist3_Tat_040</txtHash>
      <zone>ZONE_LEFT_ARM</zone>
      <type>TYPE_TATTOO</type>
      <faction>FM</faction>
      <garment>All</garment>
      <gender>GENDER_MALE</gender>
      <award />
      <awardLevel />
    </Item>
	<Item>
      <uvPos x="0.470000" y="0.820000" />
      <scale x="0.100000" y="0.100000" />
      <rotation value="0.000000" />
      <nameHash>mpHeist3_Tat_040_F</nameHash>
      <txdHash>MP_Heist3_Tat_040</txdHash>
      <txtHash>MP_Heist3_Tat_040</txtHash>
      <zone>ZONE_LEFT_ARM</zone>
      <type>TYPE_TATTOO</type>
      <faction>FM</faction>
      <garment>All</garment>
      <gender>GENDER_FEMALE</gender>
      <award />
      <awardLevel />
    </Item>
	<Item>
      <uvPos x="0.560000" y="0.590000" />
      <scale x="0.300000" y="0.290000" />
      <rotation value="0.000000" />
      <nameHash>mpHeist3_Tat_041_M</nameHash>
      <txdHash>MP_Heist3_Tat_041</txdHash>
      <txtHash>MP_Heist3_Tat_041</txtHash>
      <zone>ZONE_LEFT_ARM</zone>
      <type>TYPE_TATTOO</type>
      <faction>FM</faction>
      <garment>All</garment>
      <gender>GENDER_MALE</gender>
      <award />
      <awardLevel />
    </Item>
	<Item>
      <uvPos x="0.560000" y="0.590000" />
      <scale x="0.290000" y="0.320000" />
      <rotation value="0.000000" />
      <nameHash>mpHeist3_Tat_041_F</nameHash>
      <txdHash>MP_Heist3_Tat_041</txdHash>
      <txtHash>MP_Heist3_Tat_041</txtHash>
      <zone>ZONE_LEFT_ARM</zone>
      <type>TYPE_TATTOO</type>
      <faction>FM</faction>
      <garment>All</garment>
      <gender>GENDER_FEMALE</gender>
      <award />
      <awardLevel />
    </Item>
	<Item>
      <uvPos x="0.640000" y="0.590000" />
      <scale x="0.030000" y="0.030000" />
      <rotation value="0.000000" />
      <nameHash>mpHeist3_Tat_042_M</nameHash>
      <txdHash>MP_Heist3_Tat_042</txdHash>
      <txtHash>MP_Heist3_Tat_042</txtHash>
      <zone>ZONE_HEAD</zone>
      <type>TYPE_TATTOO</type>
      <faction>FM</faction>
      <garment>All</garment>
      <gender>GENDER_MALE</gender>
      <award />
      <awardLevel />
    </Item>
	<Item>
      <uvPos x="0.640000" y="0.590000" />
      <scale x="0.030000" y="0.030000" />
      <rotation value="0.000000" />
      <nameHash>mpHeist3_Tat_042_F</nameHash>
      <txdHash>MP_Heist3_Tat_042</txdHash>
      <txtHash>MP_Heist3_Tat_042</txtHash>
      <zone>ZONE_HEAD</zone>
      <type>TYPE_TATTOO</type>
      <faction>FM</faction>
      <garment>All</garment>
      <gender>GENDER_FEMALE</gender>
      <award />
      <awardLevel />
    </Item>
	<Item>
      <uvPos x="0.640000" y="0.590000" />
      <scale x="0.030000" y="0.030000" />
      <rotation value="0.000000" />
      <nameHash>mpHeist3_Tat_043_M</nameHash>
      <txdHash>MP_Heist3_Tat_043</txdHash>
      <txtHash>MP_Heist3_Tat_043</txtHash>
      <zone>ZONE_HEAD</zone>
      <type>TYPE_TATTOO</type>
      <faction>FM</faction>
      <garment>All</garment>
      <gender>GENDER_MALE</gender>
      <award />
      <awardLevel />
    </Item>
	<Item>
      <uvPos x="0.640000" y="0.590000" />
      <scale x="0.030000" y="0.030000" />
      <rotation value="0.000000" />
      <nameHash>mpHeist3_Tat_043_F</nameHash>
      <txdHash>MP_Heist3_Tat_043</txdHash>
      <txtHash>MP_Heist3_Tat_043</txtHash>
      <zone>ZONE_HEAD</zone>
      <type>TYPE_TATTOO</type>
      <faction>FM</faction>
      <garment>All</garment>
      <gender>GENDER_FEMALE</gender>
      <award />
      <awardLevel />
    </Item>
	<Item>
      <uvPos x="0.640000" y="0.590000" />
      <scale x="0.030000" y="0.030000" />
      <rotation value="0.000000" />
      <nameHash>mpHeist3_Tat_044_M</nameHash>
      <txdHash>MP_Heist3_Tat_044</txdHash>
      <txtHash>MP_Heist3_Tat_044</txtHash>
      <zone>ZONE_HEAD</zone>
      <type>TYPE_TATTOO</type>
      <faction>FM</faction>
      <garment>All</garment>
      <gender>GENDER_MALE</gender>
      <award />
      <awardLevel />
    </Item>
	<Item>
      <uvPos x="0.640000" y="0.590000" />
      <scale x="0.030000" y="0.030000" />
      <rotation value="0.000000" />
      <nameHash>mpHeist3_Tat_044_F</nameHash>
      <txdHash>MP_Heist3_Tat_044</txdHash>
      <txtHash>MP_Heist3_Tat_044</txtHash>
      <zone>ZONE_HEAD</zone>
      <type>TYPE_TATTOO</type>
      <faction>FM</faction>
      <garment>All</garment>
      <gender>GENDER_FEMALE</gender>
      <award />
      <awardLevel />
    </Item>
  </presets>
  <nameHash>mpHeist3_overlays</nameHash>
  <medalLocations content="vector2_array">
    0.140000	0.070000	
    0.370000	0.070000	
    0.600000	0.070000	
    0.835000	0.070000	
    0.140000	0.150000	
    0.370000	0.150000	
    0.600000	0.150000	
    0.835000	0.150000	
    0.140000	0.230000	
    0.370000	0.230000	
    0.600000	0.230000	
    0.835000	0.230000	
    0.100000	0.700000	
    0.300000	0.700000	
    0.500000	0.700000	
    0.700000	0.700000	
  </medalLocations>
  <medalScale x="0.240000" y="0.100000" />
</PedDecorationCollection>